9782881341663,Paper,Horror,Pelecanus occidentalis,Maryann Penright,2007/06/29,1974,668
9781598153425,Paper,Horror,Macropus rufogriseus,Merrie Greenhill,1971/07/05,1964,7
9785217943896,Paper,Horror,Geospiza sp.,Gaultiero Davidofski,2003/02/18,1970,1203
9788592094983,Paper,Horror,Tadorna tadorna,Sarina Mingardi,1924/05/24,1960,1227
9788589976448,Paper,Horror,Spizaetus coronatus,Derrek Geane,1973/07/25,2004,782
9789489890984,Paper,Horror,Butorides striatus,Udell Gutowski,1942/08/30,1939,350
9787238393751,Paper,Horror,Eutamias minimus,Stearne Radleigh,1984/12/25,2016,1156
9783521793367,Paper,Horror,Choloepus hoffmani,Torr Orry,2001/03/25,1962,46
9782461553170,Paper,Horror,Bubo virginianus,Hill Linnard,1954/11/06,1982,28
9784286015908,Paper,Horror,Pseudalopex gymnocercus,Ulises Whichelow,1960/10/14,1954,824
9785463178568,Paper,Horror,Vulpes chama,Shelley Bartoli,1957/05/12,1966,487
9782001905911,Paper,Horror,Martes americana,Feliza Raynard,1968/10/29,2014,410
9782238675213,Paper,Horror,Spheniscus magellanicus,Kailey Garnall,1957/03/16,1960,991
9788620149237,Paper,Horror,Branta canadensis,Theodore Creavin,1980/09/15,1954,1036
9786646908266,Paper,Horror,Vombatus ursinus,Corie Patifield,2006/10/02,1929,198
9780447748179,Paper,Horror,Phalacrocorax niger,Haley Schuler,1963/01/17,1950,720
9786437831432,Paper,Horror,Dendrocitta vagabunda,Lorelle Agutter,1938/05/31,1948,568
9785645784185,Paper,Horror,Varanus salvator,Morton Canellas,1933/01/13,2003,492
9788652129469,Paper,Horror,Mephitis mephitis,Wayne Hillborne,1921/05/03,1978,1028
9788098726022,Paper,Horror,Erethizon dorsatum,Marie Applewhaite,1982/06/29,2006,1168
9782024596651,Paper,Horror,Agkistrodon piscivorus,Ashli Letchford,1984/08/08,1926,1416
9785394212580,Paper,Horror,Eumetopias jubatus,Giulietta Northridge,2004/05/26,1989,14
9787890686081,Paper,Horror,Porphyrio porphyrio,Nancy Daintree,1947/10/19,1993,707
9780257931182,Paper,Horror,Eunectes sp.,Dino Moffet,1956/03/31,1982,856
9786226228522,Paper,Horror,Iguana iguana,Merle Johanning,1998/10/06,1934,97
9781099574868,Paper,Horror,Loxodonta africana,Lenka McCluskey,2009/09/13,1941,1456
9786453715192,Paper,Horror,Sitta canadensis,Caddric Heinzler,2008/02/26,1986,676
9780735020099,Paper,Horror,Creagrus furcatus,Connor Pride,1973/08/24,1950,543
9782857606267,Paper,Horror,Geococcyx californianus,Sandy Peare,1952/12/01,2015,126
9785013830225,Paper,Horror,Dasypus novemcinctus,Malinda Ship,1943/03/27,1947,718
9787261101686,Paper,Horror,Calyptorhynchus magnificus,Dulciana Redsell,1995/05/19,1986,617
9784727666481,Paper,Horror,unavailable,Valida Peddar,1966/03/21,1959,877
9787140170361,Paper,Horror,Diomedea irrorata,Edgard Mouse,1935/09/06,1985,1317
9784790593383,Paper,Horror,Felis silvestris lybica,Alfred Tull,1959/09/24,2000,891
9788801728020,Paper,Horror,Ursus americanus,Granville Patillo,2010/01/18,1988,909
9782143336702,Paper,Horror,Terathopius ecaudatus,Carlyn Wigley,1974/10/19,1942,754
9787755626496,Paper,Horror,Tamiasciurus hudsonicus,Tawnya Forrest,1974/03/22,2006,352
9785269264925,Paper,Horror,Lutra canadensis,Marne Edlin,1919/10/27,1943,1493
9783856402563,Paper,Horror,Ara macao,Chad Kenningham,1929/09/21,1933,379
9781685645163,Paper,Horror,Myrmecophaga tridactyla,Constantina Pingstone,1962/08/12,1941,197
9782568562709,Paper,Horror,Macropus fuliginosus,Rick Rentenbeck,1996/08/16,1961,722
9784243008403,Paper,Horror,Sula dactylatra,Prescott Fawdrie,1988/05/08,2017,1322
9784479641185,Paper,Horror,Equus hemionus,Aland Humerstone,1960/09/23,1981,480
9785757339947,Paper,Horror,Thalasseus maximus,Eryn MacConchie,1942/05/19,2018,726
9783718236338,Paper,Horror,Speothos vanaticus,Abbe Macci,1931/07/17,1966,721
9781148069418,Paper,Horror,Eolophus roseicapillus,Etan Duchan,1992/12/22,1959,1376
9780572623626,Paper,Horror,Milvus migrans,Gabriellia Grealey,1942/04/12,1959,103
9781410072755,Paper,Horror,Certotrichas paena,Leonard Luckett,1956/10/19,1965,87
9782560167325,Paper,Horror,Tadorna tadorna,Meggy Schindler,2006/08/26,1963,346
9783854836454,Paper,Horror,Creagrus furcatus,Hendrik Sherrin,1937/07/03,1932,1162
9785480543028,Paper,Horror,Branta canadensis,Carmita Gallear,1975/03/12,1984,603
9787778886531,Paper,Horror,Eudyptula minor,Marlie Shelly,1979/04/22,1984,1430
9785531744590,Paper,Horror,Plegadis falcinellus,Kameko Burnsyde,1974/12/31,1944,1166
9787822131787,Paper,Horror,Pseudoleistes virescens,Norby Van der Hoeven,1987/07/15,1935,628
9787376496361,Paper,Horror,Macropus rufogriseus,Loree Aspinal,1938/08/05,1961,441
9784522166493,Paper,Horror,Kobus vardonii vardoni,Shaylynn Begbie,1946/06/04,1992,1000
9786556560959,Paper,Horror,Dasyurus viverrinus,Gasper Andrin,1951/12/22,1982,335
9780707062547,Paper,Horror,Theropithecus gelada,Nadeen Congrave,1947/12/18,2000,1005
9780574004631,Paper,Horror,Dusicyon thous,Eda Cuckoo,1968/09/04,1999,172
9786431914217,Paper,Horror,Platalea leucordia,Royall Chinnock,1999/08/18,1952,1345
9782953837414,Paper,Horror,Ceryle rudis,Othella Elgar,1972/10/31,1996,1200
9782463044004,Paper,Horror,Psophia viridis,Neils Trundell,1931/02/22,1948,719
9788648105799,Paper,Horror,Alligator mississippiensis,Cathrin Dargan,1967/04/12,1958,108
9784549752666,Paper,Horror,Theropithecus gelada,Bea Ledgerton,1962/09/27,1965,615
9781163869364,Paper,Horror,Amazona sp.,Helenka Guilleton,1998/04/27,1941,897
9788800375805,Paper,Horror,Vulpes chama,Artemus Zanneli,1952/09/19,1957,742
9784968306706,Paper,Horror,Hydrochoerus hydrochaeris,Gennifer Eldin,1939/02/12,1987,1203
9784627375389,Paper,Horror,Bucephala clangula,Jobey Pittway,1995/08/29,1993,431
9784830643189,Paper,Horror,Macropus rufus,Carmelita Wadham,1924/01/04,1955,45
9784193923437,Paper,Horror,Climacteris melanura,Claudette Corona,1923/06/27,1984,362
9786542837025,Paper,Horror,Pavo cristatus,Lyman Le Clercq,1949/09/23,1935,752
9788390950514,Paper,Horror,Aquila chrysaetos,Carmel Antrum,1927/06/30,2002,1241
9789053354199,Paper,Horror,Conolophus subcristatus,Stanley Gatland,1993/09/27,2007,1114
9780105835980,Paper,Horror,Phalaropus fulicarius,Corette Wyburn,1988/01/31,1951,696
9781684019644,Paper,Horror,Naja haje,Emeline Seyffert,2001/04/18,1985,959
9786061036226,Paper,Horror,Columba palumbus,Wakefield Kubanek,1991/12/31,2008,578
9781381230909,Paper,Horror,Panthera pardus,Bonni Escot,1957/03/25,1952,784
9782441488824,Paper,Horror,Ursus maritimus,Corby Laingmaid,1943/05/22,1977,957
9780599026306,Paper,Horror,Paradoxurus hermaphroditus,Marlon Lenin,1937/09/12,1995,1058
9784140785255,Paper,Horror,Ovis orientalis,Goldarina Klammt,2004/10/15,1938,1368
9788936370006,Paper,Horror,Lepilemur rufescens,Darci Tuftin,2007/01/28,1964,749
9780239374327,Paper,Horror,Ammospermophilus nelsoni,Clemente Cuolahan,1939/09/03,1983,56
9785816104653,Paper,Horror,Semnopithecus entellus,Jami Duny,1977/04/19,1971,1392
9787751288795,Paper,Horror,Dendrocygna viduata,Richardo Mendenhall,1971/10/17,1964,529
9783182830461,Paper,Horror,Centrocercus urophasianus,Allistir Copins,1961/06/10,1940,932
9788247956841,Paper,Horror,Bubo sp.,Hymie Napoleon,1992/06/04,1936,177
9784374889804,Paper,Horror,Marmota caligata,Lawton Cristoferi,1920/10/11,2010,440
9784242897770,Paper,Horror,Ovis ammon,Roby Brennenstuhl,1931/09/06,1945,1206
9780728542824,Paper,Horror,Alopex lagopus,Tally Simonich,1990/06/19,2002,227
9783454052815,Paper,Horror,Felis concolor,Mikaela Blodget,1998/01/04,1970,577
9785855273913,Paper,Horror,Larus fuliginosus,Arte Glennie,2004/12/29,1970,1360
9788438582368,Paper,Horror,Chlidonias leucopterus,Eduino Mulroy,1993/04/22,1933,773
9786599876312,Paper,Horror,Casmerodius albus,Nonna Huff,2006/02/23,1932,410
9789330876034,Paper,Horror,Tachybaptus ruficollis,Gerik Gately,1928/05/10,1992,724
9786471319533,Paper,Horror,Uraeginthus angolensis,Vernon Angelo,1935/02/14,1955,150
9787431957605,Paper,Horror,Lemur fulvus,Onofredo Triplet,1968/06/28,1963,1011
9782951970145,Paper,Horror,Nyctereutes procyonoides,Huey Findlater,1973/10/30,1933,320
9780498042590,Paper,Horror,Pavo cristatus,Kylila Corneille,1947/04/19,1983,1420
9787433487263,Paper,Horror,Damaliscus dorcas,Alyson Casson,1963/04/22,1972,1350
9781082866013,Paper,Horror,Alopex lagopus,Oriana Huffy,1932/05/08,1983,760
9782968700994,Paper,Horror,Hystrix indica,Patrizia Iacovielli,1951/03/29,1975,242
9789314955517,Paper,Horror,Amblyrhynchus cristatus,Mufi McTiernan,1962/09/27,1982,668
9780544040243,Paper,Horror,Tamiasciurus hudsonicus,Nesta Maasze,1957/06/29,1993,521
9782107420780,Paper,Horror,Salvadora hexalepis,Carlyle Dinkin,2009/04/15,1973,802
9781271139277,Paper,Horror,Herpestes javanicus,Dode Ilyas,1999/01/03,1928,483
9789097043139,Paper,Horror,Crotalus cerastes,Britni Matten,1933/01/02,1983,462
9787681920211,Paper,Horror,Ovis ammon,Guthrey Riddiough,1985/11/29,1930,451
9789564892187,Paper,Horror,Canis aureus,Elora Gratland,1966/02/25,2008,883
9783397952520,Paper,Horror,Manouria emys,Charlie Bus,1942/05/15,1988,446
9789845251098,Paper,Horror,Herpestes javanicus,Ertha Coatts,1952/02/21,1985,157
9784832048551,Paper,Horror,Aegypius tracheliotus,Tanney Findlay,1936/01/17,1967,1486
9786470559320,Paper,Horror,Ictonyx striatus,Salem Brailsford,1959/01/19,1976,578
9780848248332,Paper,Horror,Oryx gazella,Joella Patriskson,1930/01/21,1965,836
9784449063298,Paper,Horror,Zenaida galapagoensis,Issie Attfield,1933/05/10,1966,914
9789619886593,Paper,Horror,Procyon lotor,Tally Reen,1939/04/23,1959,410
9780726095482,Paper,Horror,Papio ursinus,Fancy Pirnie,1942/06/12,2011,1380
9781156922717,Paper,Horror,Alcelaphus buselaphus cokii,Linet Simpkiss,2003/11/19,1988,925
9789560275903,Paper,Horror,Vulpes chama,Julieta Bendtsen,2010/10/20,2013,746
9784914565748,Paper,Horror,Cordylus giganteus,Heddi Jaffrey,1929/04/11,1968,1313
9784469124436,Paper,Horror,Macaca mulatta,Euell Ayars,1979/08/25,1959,171
9789845665080,Paper,Horror,Carduelis uropygialis,Fredric Lohering,2003/06/04,1967,1132
9785495029001,Paper,Horror,Helogale undulata,Isobel Haken,1998/11/11,1953,1289
9789203348367,Paper,Horror,Coracias caudata,Marijn Heiton,2001/12/11,1982,686
9786251991536,Paper,Horror,Camelus dromedarius,Karilynn Fernando,1928/06/09,1955,1111
9785393263916,Paper,Horror,Tachybaptus ruficollis,Trevar Kleinbaum,1926/05/17,2010,1151
9789388498539,Paper,Horror,Haliaetus vocifer,Delia Willavize,1993/11/13,1987,44
9784209599008,Paper,Horror,unavailable,Upton McComiskie,1948/12/29,1971,1485
9781490837943,Paper,Horror,Phoenicopterus chilensis,Lucretia Hambric,2005/05/05,1946,812
9784382283344,Paper,Horror,Panthera leo,Audry Blunderfield,2009/11/27,1947,1476
9788883253812,Paper,Horror,Tockus flavirostris,Natividad Picker,1928/10/20,1952,637
9789296377419,Paper,Horror,Sarkidornis melanotos,Maje Spurgeon,1993/03/15,2018,1202
9788849456791,Paper,Horror,Lepus townsendii,Renate Maton,1917/10/14,1968,704
9782112599834,Paper,Horror,Phasianus colchicus,Jennine Menear,1983/03/29,1983,211
9784463155424,Paper,Horror,Propithecus verreauxi,Merline Lownsbrough,1972/09/08,2012,1254
9789280698975,Paper,Horror,Catharacta skua,Bobby Blagdon,2005/06/11,1999,720
9781467899393,Paper,Horror,Marmota caligata,Irvine Brussell,1971/10/20,1954,1241
9783350412971,Paper,Horror,Limosa haemastica,Wash Smithend,1927/12/07,1948,790
9784815396491,Paper,Horror,Equus hemionus,Orelee Mollatt,1958/01/15,1971,1039
9788545048170,Paper,Horror,Acridotheres tristis,Carin Bernhard,1997/03/30,1973,820
9789206690826,Paper,Horror,Echimys chrysurus,Milt Bartels,1941/09/30,1936,1327
9782838210101,Paper,Horror,Macropus parryi,Harcourt Gullivan,1992/09/05,1988,837
9787154056958,Paper,Horror,Neotis denhami,Humberto Threader,1942/10/05,1966,1032
9781649078259,Paper,Horror,Ara ararauna,Marcie Daenen,1959/11/29,1933,365
9781201850654,Paper,Horror,Lamprotornis superbus,Griffie Rolling,1922/12/01,1951,332
9789615264441,Paper,Horror,Laniaurius atrococcineus,Saul Sapson,1927/04/18,1967,176
9789566102522,Paper,Horror,Felis wiedi or Leopardus weidi,Alvin Cerro,1999/02/07,2010,724
9780312495687,Paper,Horror,Microcebus murinus,Shanie Easter,1995/01/29,1963,934
9786140121001,Paper,Horror,Smithopsis crassicaudata,Rozina Croall,1963/03/29,1989,157
9783880903680,Paper,Horror,Spheniscus magellanicus,Salem Took,1940/05/05,1930,1500
9780475365775,Paper,Horror,Haematopus ater,Alain Ryam,1966/04/02,2012,125
9785981070912,Paper,Horror,Orcinus orca,Durante Wesley,1987/04/24,1980,1110
9782945226656,Paper,Horror,Naja nivea,Elane Binley,1940/08/02,1951,448
9784195580094,Paper,Horror,Acinynox jubatus,Jesus Gowan,1968/09/03,1991,631
9786582875600,Paper,Horror,Butorides striatus,Nelli Oxenden,1978/05/20,1968,1029
9784210190732,Paper,Horror,Ephipplorhynchus senegalensis,Ray Frizell,1991/10/08,1933,240
9787164423743,Paper,Horror,Varanus sp.,Grover Longfield,1957/04/04,1998,987
9785204842847,Paper,Horror,Macropus fuliginosus,Noe Hadden,1963/08/28,1985,805
9781160614028,Paper,Horror,Gekko gecko,Gayle Mettrick,1935/12/01,1978,1070
9784403331813,Paper,Horror,Corvus albicollis,Alexandre Kimbling,1934/11/06,2005,1071
9780432337192,Paper,Horror,Gopherus agassizii,Avie Barstock,1932/01/12,1991,521
9781007906912,Paper,Horror,Cordylus giganteus,Brucie Dyne,2012/02/25,1960,736
9783071736511,Paper,Horror,Larus fuliginosus,Townie Flannigan,1959/03/27,1958,687
9781573353274,Paper,Horror,Ratufa indica,Nappy Bramont,1935/04/12,1968,137
9788714170203,Paper,Horror,Threskionis aethiopicus,Rutger Waleran,2004/12/22,2018,1425
9784352088004,Paper,Horror,Motacilla aguimp,Trescha Tallowin,1967/07/28,1934,649
9786431931458,Paper,Horror,Varanus salvator,Nicol Yitzhakof,1972/12/05,1941,61
9788891265608,Paper,Horror,Bucorvus leadbeateri,Aime Rainsbury,2010/10/29,1966,930
9787078178421,Paper,Horror,Acanthaster planci,Zorine Crighten,1967/05/14,1993,1302
9787439818985,Paper,Horror,Pterocles gutturalis,Pooh Bowerman,1956/09/09,1956,1365
9782761198665,Paper,Horror,Semnopithecus entellus,Mellisa Oakly,1978/11/26,1964,1124
9787937569079,Paper,Horror,Dasypus septemcincus,Rosabella Giraldon,1977/02/21,1925,22
9788796310358,Paper,Horror,Equus hemionus,Elisabeth Blucher,1974/05/22,2018,1024
9788974838685,Paper,Horror,Canis mesomelas,Robena De Metz,1946/03/17,2014,405
9784753239119,Paper,Horror,Grus canadensis,Carry Sands-Allan,1967/06/11,1936,1104
9787233819637,Paper,Horror,Macropus giganteus,Carola Dreger,1930/05/24,1968,457
9787535336750,Paper,Horror,Spermophilus parryii,Howey Gather,1980/05/31,1987,1332
9787649754131,Paper,Horror,Raphicerus campestris,Torrance Sweeten,1955/06/13,1948,1458
9786848840170,Paper,Horror,Dasyurus maculatus,Everett Shorto,2004/09/07,1939,643
9783860411896,Paper,Horror,Naja haje,Rutledge McMenamie,1921/12/17,1990,872
9787497814244,Paper,Horror,unavailable,Davina Friedman,1961/02/19,1929,2
9788381517154,Paper,Horror,Iguana iguana,Margarette Sharpley,2006/09/19,1955,1347
9785122462582,Paper,Horror,Corvus albicollis,Martita Doughill,1962/04/08,1972,729
9783075095970,Paper,Horror,Crotalus triseriatus,Evyn Pilipyak,1964/02/16,1988,1128
9788747557835,Paper,Horror,Neotis denhami,Reynolds Rosenvasser,1927/02/27,1937,485
9780114200106,Paper,Horror,Zalophus californicus,Hilarius Mollen,1920/06/29,1926,1210
9789395156120,Paper,Horror,Anser anser,Datha Gritsaev,1931/06/25,1946,1261
9780791372679,Paper,Horror,Streptopelia senegalensis,Mauricio Inskipp,1994/02/22,2012,491
9785816453803,Paper,Horror,Pavo cristatus,Marketa McKissack,2008/01/10,1943,1384
9781511383916,Paper,Horror,Mycteria ibis,Lonee Toping,1983/01/08,1943,498
9785922442952,Paper,Horror,Aonyx cinerea,Jody O'Mohun,1995/07/07,1967,39
9789480204753,Paper,Horror,Varanus sp.,Harley Manns,1987/04/30,1926,1258
9783871688345,Paper,Horror,Laniarius ferrugineus,Fraser Millwall,1977/02/11,1926,287
9780129082616,Paper,Horror,Varanus sp.,Ronalda Vearnals,1925/11/13,2013,306
9787026726049,Paper,Horror,Gyps fulvus,Luce Clipston,1983/04/07,2002,274
9789064587513,Paper,Horror,Egretta thula,Brittani MacFadzean,1941/02/24,1956,1274
9781593569604,Paper,Horror,Anitibyx armatus,Daffi Ellam,1935/11/11,1969,831
9780942031877,Paper,Horror,Anas bahamensis,Jacky Giacobillo,1950/10/13,1935,684
9789984828021,Paper,Horror,Francolinus swainsonii,Donny Monnelly,1986/09/01,1948,504
9786087208136,Paper,Horror,Sterna paradisaea,Cobb Boecke,1973/09/15,1972,225
9781937825654,Paper,Horror,Colaptes campestroides,Welby Noorwood,1920/06/01,1997,1397
9788001175719,Paper,Horror,Tragelaphus strepsiceros,Wiatt Newgrosh,1937/03/13,1956,1352
9781583297530,Paper,Horror,Pitangus sulphuratus,Anet Northill,1940/10/30,1954,707
9785074986470,Paper,Horror,Buteo jamaicensis,Eric Kohter,1982/10/11,1989,1405
9787548929377,Paper,Horror,Naja haje,Tammi Nickolls,1940/01/09,1992,1169
9783922656564,Paper,Horror,Paradoxurus hermaphroditus,Carson Godspede,2012/03/09,1959,388
9781411980432,Paper,Horror,Lamprotornis chalybaeus,Evered Cradoc,1992/01/27,2017,499
9780694246453,Paper,Horror,Gymnorhina tibicen,Berthe Juris,1996/02/09,1968,596
9780571094468,Paper,Horror,Papio ursinus,Jessie Quartermaine,1997/04/26,1928,1096
9780956218734,Paper,Horror,Canis aureus,Matti Eykelhof,1968/02/06,1953,1490
9789294310887,Paper,Horror,Dendrocygna viduata,Reagan Driscoll,1994/05/31,1997,706
9789031130566,Paper,Horror,Dicrostonyx groenlandicus,Cherida Cornehl,1940/03/04,1970,1
9782157299335,Paper,Horror,Semnopithecus entellus,Agnella Petett,1992/05/10,1959,942
9785074610713,Paper,Horror,Aonyx cinerea,Costanza Beakes,1970/08/13,2004,544
9787962439934,Paper,Horror,Boselaphus tragocamelus,Bennie Pimerick,1918/10/31,1943,1261
9781940675354,Paper,Horror,Larus dominicanus,Esra Heinzel,1988/07/06,1955,326
9781119513930,Paper,Horror,Litrocranius walleri,Maxi Pamment,1924/01/24,1964,167
9789299582041,Paper,Horror,Libellula quadrimaculata,Pen Christofor,1945/08/03,2005,796
9783137610640,Paper,Horror,Spermophilus richardsonii,Thornton Bevan,1996/05/01,1968,880
9780109741851,Paper,Horror,Leptoptilos crumeniferus,Ingeberg Stuttard,1941/01/14,1984,1480
9783029748268,Paper,Horror,Lophoaetus occipitalis,Celestia Lewinton,1927/11/21,1961,1313
9782378499722,Paper,Horror,Ammospermophilus nelsoni,Blisse Hatrey,1958/05/21,1965,884
9780766005868,Paper,Horror,Notechis semmiannulatus,Mace Pauel,1934/04/05,1955,1276
9787623105185,Paper,Horror,Platalea leucordia,Alberta Barbera,1965/11/07,1953,1198
9787045022592,Paper,Horror,Cacatua tenuirostris,Alfreda Backe,1961/06/21,1956,69
9787387760868,Paper,Horror,Threskionis aethiopicus,Clarette Capell,1933/03/28,1944,1371
9788205616168,Paper,Horror,Sciurus vulgaris,Cozmo Walework,1951/07/06,1978,1473
9786083103192,Paper,Horror,Heloderma horridum,Billi Simmonds,1928/12/11,1983,748
9788396061343,Paper,Horror,Trachyphonus vaillantii,Lindsy Frankis,2003/05/16,1947,169
9789298206800,Paper,Horror,unavailable,Richart Smallpeace,1918/09/16,1937,234
9784266666892,Paper,Horror,Fulica cristata,Micaela Rannells,1942/07/11,1992,204
9781783858260,Paper,Horror,unavailable,Anni Arckoll,2004/09/08,2012,1042
9786804495038,Paper,Horror,Rangifer tarandus,Nickolaus Audiss,1980/04/18,2010,338
9786703349486,Paper,Horror,Semnopithecus entellus,Erl Callcott,1965/05/21,2009,1500
9785525408367,Paper,Horror,Bos taurus,Terza Lanchberry,1943/09/20,1976,1271
9788784266308,Paper,Horror,Ursus maritimus,Brigida Fitzackerley,1987/06/16,1997,842
9784358779363,Paper,Horror,Choloepus hoffmani,Mira Abry,1961/06/20,1957,140
9789147238171,Paper,Horror,Panthera leo,Joscelin Kemish,1987/02/14,2002,486
9789494258405,Paper,Horror,Ammospermophilus nelsoni,Erna Oxbie,2007/04/24,1943,394
9786334462949,Paper,Horror,Butorides striatus,Dyana Nern,1921/04/06,1941,598
9788920409815,Paper,Horror,Hystrix indica,Miriam Mellem,1983/11/27,1965,51
9782181665586,Paper,Horror,Merops sp.,Lutero Lochrie,1960/12/07,1938,115
9782187520868,Paper,Horror,Globicephala melas,Cale Gebbe,1921/05/23,1970,881
9780200614938,Paper,Horror,Mungos mungo,Sherline Scrigmour,2010/07/05,2000,1135
9788503488646,Paper,Horror,Macropus rufogriseus,Riki Espadate,1962/08/30,1939,1307
9787696464171,Paper,Horror,Cacatua tenuirostris,Teodorico Sterman,1978/02/08,1959,1378
9786101579197,Paper,Horror,Semnopithecus entellus,Gwenneth Hawkridge,1977/03/23,1955,465
9786617083535,Paper,Horror,Bos mutus,Gwynne Dinan,1935/06/07,1998,432
9784175136332,Paper,Horror,Macropus eugenii,Tamqrah Barke,1961/05/07,1965,634
9789278214969,Paper,Horror,Bucephala clangula,Pammy Koppen,1978/02/24,1934,1109
9781259878766,Paper,Horror,Lycaon pictus,Gabrila Beaten,1993/08/02,1992,495
9789647741332,Paper,Horror,Lamprotornis nitens,Nora Sinclar,1990/09/05,1979,88
9788051837778,Paper,Horror,Cordylus giganteus,Leon Ingon,1948/01/06,2017,52
9784694591654,Paper,Horror,Eutamias minimus,Kennan Shearsby,1995/04/13,2005,598
9786475324098,Paper,Horror,Numida meleagris,Renata McDonnell,1961/01/05,2014,1146
9788260108530,Paper,Horror,Bubo virginianus,Garnet Gather,1947/04/13,1943,748
9786880074585,Paper,Horror,Felis libyca,Luci Riediger,1932/08/25,1943,813
9786424975930,Paper,Horror,Sula dactylatra,Emlyn Gyer,1977/05/21,1970,1202
9783086305828,Paper,Horror,Felis concolor,Jenine Hellens,1992/06/17,1974,148
9781568470681,Paper,Horror,Microcavia australis,Pennie Sitford,2008/01/07,1969,1036
9783286900784,Paper,Horror,Lycaon pictus,Devlen Jouannot,1927/03/23,1937,509
9786008006231,Paper,Horror,Erinaceus frontalis,Brady Farris,1968/11/20,1986,144
9784161043080,Paper,Horror,Eudyptula minor,Jandy McBoyle,1965/02/24,1996,1143
9785031962218,Paper,Horror,Lorythaixoides concolor,Phillida Boxhall,1962/08/13,2007,147
9786655569153,Paper,Horror,Lutra canadensis,Philippa Litton,1948/03/23,2014,149
9786925075719,Paper,Horror,Anser anser,Nevsa Brettel,1936/03/07,1930,958
9788904463779,Paper,Horror,Herpestes javanicus,Kristin Simounet,1949/02/21,2017,1339
9784262584674,Paper,Horror,Ovis ammon,Devonna Kinnerk,1936/07/01,1981,77
9783785139329,Paper,Horror,Dicrurus adsimilis,Emiline Robrow,1967/07/16,1998,923
9782663704300,Paper,Horror,Macropus robustus,Gunilla Mercer,1945/11/02,2015,1209
9780293409913,Paper,Horror,Phalaropus lobatus,Myron Kalf,1990/01/14,2012,682
9782094810191,Paper,Horror,Marmota monax,Farrell Kevis,1952/12/08,1994,312
9786065643188,Paper,Horror,Alouatta seniculus,Mignon Wilcocke,1998/11/23,1948,662
9788507438348,Paper,Horror,Plocepasser mahali,Zara Briant,1977/04/27,2016,1340
9786043891136,Paper,Horror,Tiliqua scincoides,Alisha Rigardeau,1952/07/20,1997,1141
9788332521831,Paper,Horror,Nasua nasua,Ann Ciric,1929/02/25,1963,92
9785167644995,Paper,Horror,Anas platyrhynchos,Karoly Farmiloe,1919/12/02,2002,685
9785712416595,Paper,Horror,Lasiorhinus latifrons,Rolph Soanes,2007/04/17,1934,57
9783227218120,Paper,Horror,Spizaetus coronatus,Wally Rearden,1984/10/30,1926,147
9782769477557,Paper,Horror,Naja haje,Burtie Leband,1954/12/07,1989,1016
9782407036306,Paper,Horror,Chlidonias leucopterus,Lukas Vala,1922/03/06,1993,1489
9783166302534,Paper,Horror,Sciurus niger,Adey Dytham,2003/06/20,2009,510
9787978653412,Paper,Horror,Bucephala clangula,Simone Tandey,1937/07/31,1998,831
9781975098667,Paper,Horror,Vulpes chama,Otha Barthod,1981/03/15,1977,334
9781850091048,Paper,Horror,Hippotragus niger,Roseann Huelin,1929/09/29,1984,1194
9785618821074,Paper,Horror,Bassariscus astutus,Gabbie Oxley,1959/03/29,2008,1002
9785133591862,Paper,Horror,Loxodonta africana,Ambrosius Couth,1945/02/18,1985,270
9787317247115,Paper,Horror,Leipoa ocellata,Micaela Grigorkin,1946/05/19,1951,1345
9780265081735,Paper,Horror,Connochaetus taurinus,Read Pleven,1939/07/06,2012,886
9787956140830,Paper,Horror,Dendrohyrax brucel,Jerrilyn Stell,2000/06/25,1999,1267
9785716975533,Paper,Horror,Alopochen aegyptiacus,Marylinda Toomey,1946/05/03,1998,1279
9785529769087,Paper,Horror,Bassariscus astutus,Malva Dict,1970/05/11,1954,147
9786145477280,Paper,Horror,Neotis denhami,Quill Sondland,1989/09/18,2001,171
9787937190471,Paper,Horror,Alligator mississippiensis,Haleigh Carette,1999/11/21,1935,1499
9782709796148,Paper,Horror,Axis axis,Amelia Iveson,1968/07/20,1981,207
9787359962058,Paper,Horror,Paroaria gularis,Wilhelm Persent,1950/04/14,1997,828
9783275961108,Paper,Horror,Odocoilenaus virginianus,Gillie Thomke,1969/05/28,1982,1039
9780146632581,Paper,Horror,Eolophus roseicapillus,Ardath D'Antonio,1989/08/30,1955,1371
9785096378459,Paper,Horror,Acrobates pygmaeus,Jamal Simonian,1947/03/31,1984,13
9786397058678,Paper,Horror,Sarcorhamphus papa,Danni Nevin,1950/11/09,1998,503
9781541097275,Paper,Horror,Mirounga angustirostris,Alva Gribben,1965/01/27,1960,113
9786371083302,Paper,Horror,Passer domesticus,Humfrid Camble,1943/10/06,1983,693
9780521846345,Paper,Horror,Phascogale tapoatafa,Darell Birden,1918/06/12,1929,60
9789366727591,Paper,Horror,Spermophilus parryii,Talbert Bixley,1933/07/23,1946,515
9788205285810,Paper,Horror,Cordylus giganteus,Kyla Kenforth,1920/06/28,2007,1397
9783112499542,Paper,Horror,Pavo cristatus,Marley Nutbeam,1954/06/02,1982,1375
9783795371568,Paper,Horror,Eubalaena australis,Marin Lordon,1943/04/21,1974,452
9781647242938,Paper,Horror,Choloepus hoffmani,Filide Faithfull,2005/07/10,1958,1257
9782672840266,Paper,Horror,Felis silvestris lybica,Gaelan Davis,1923/01/25,2005,1330
9786394121180,Paper,Horror,Callorhinus ursinus,Liz O'Ruane,1945/05/04,1927,1456
9784413892221,Paper,Horror,Felis silvestris lybica,Adrianna Thamelt,1938/10/28,1925,751
9789582534023,Paper,Horror,Columba palumbus,Fraze Raittie,1925/03/08,2011,1295
9788127420923,Paper,Horror,Paraxerus cepapi,Chris Cluitt,1938/01/19,1996,717
9787177860902,Paper,Horror,Ovis canadensis,Wash Rosie,1965/12/09,1953,301
9783937358409,Paper,Horror,Trichoglossus chlorolepidotus,Gerri Gorey,1934/01/04,1948,275
9789981182642,Paper,Horror,Suricata suricatta,Kilian Capenor,1947/06/24,1995,411
9788853834106,Paper,Horror,Dusicyon thous,Francesca Camois,1989/09/13,1990,541
9787440005973,Paper,Horror,Haematopus ater,Ruttger McDowell,1953/06/24,2016,706
9780880057516,Paper,Horror,Coluber constrictor,Patrizio Langrish,1985/02/04,1987,842
9789314823285,Paper,Horror,Pavo cristatus,Elisha Kedward,1950/03/02,2017,1147
9782344522696,Paper,Horror,Spheniscus magellanicus,Jeannie Seamon,1995/10/12,1947,1397
9786067881864,Paper,Horror,Paroaria gularis,Anita Eschalotte,1985/09/14,1993,56
9782937903945,Paper,Horror,Capreolus capreolus,Jehanna Wilkins,1964/06/01,1968,1248
9783994000178,Paper,Horror,Equus hemionus,Margalo Duke,2002/08/12,1953,745
9785221391128,Paper,Horror,Centrocercus urophasianus,Doralynne Steuhlmeyer,1946/06/26,1965,1405
9783793750304,Paper,Horror,Pelecanus occidentalis,Wally Gaitskell,1919/05/02,2007,1169
9782171643712,Paper,Horror,Uraeginthus granatina,Shepperd Colgrave,1936/07/21,1938,1029
9785861245924,Paper,Horror,Lutra canadensis,Nahum Hardwick,1954/12/22,1990,1239
9780568750738,Paper,Horror,Tringa glareola,Charo Balsdon,1944/04/09,1958,109
9780704347819,Paper,Horror,Choloepus hoffmani,Timmy Wakes,2003/01/22,1936,261
9781497726730,Paper,Horror,Mungos mungo,Amory Croker,2007/09/28,1985,736
9787249409735,Paper,Horror,Heloderma horridum,Ophelie Dark,2009/07/10,1974,1174
9787437300869,Paper,Horror,Suricata suricatta,Hailey O'Rourke,2007/08/25,1993,273
9787682045560,Paper,Horror,Lasiorhinus latifrons,Benjamen Meneghi,1942/06/10,1958,1101
9785727436204,Paper,Horror,Meles meles,Ashien Moles,1929/06/07,2006,876
9787059239452,Paper,Horror,Aonyx capensis,Silvana Dielhenn,1932/09/19,1972,527
9789547501647,Paper,Horror,Damaliscus dorcas,Carlotta Monnoyer,1958/05/12,1961,297
9786455272903,Paper,Horror,Taxidea taxus,Tiphani Sutheran,1992/02/03,1974,958
9783231093368,Paper,Horror,Tenrec ecaudatus,Keene Grahl,1934/04/23,1957,229
9784905749142,Paper,Horror,Varanus komodensis,Claudia McNern,1970/02/28,1953,763
9784817033944,Paper,Horror,Bassariscus astutus,Brittne Aubury,1918/03/10,1959,878
9789084518928,Paper,Horror,Phascogale calura,Carrol Stanyforth,1995/03/13,1952,1326
9784870797871,Paper,Horror,Procyon cancrivorus,Natal Sharples,1991/01/16,1926,1250
9781222738778,Paper,Horror,Macaca fuscata,Sergent Giacopazzi,1959/11/14,1973,1023
9785190067807,Paper,Horror,Canis aureus,Ferdinanda Money,1926/06/19,1931,355
9788640420746,Paper,Horror,Plegadis falcinellus,Rafi Geaveny,1919/03/01,1941,264
9788204787141,Paper,Horror,Eubalaena australis,Catina Scourgie,2001/10/13,1938,95
9788400420839,Paper,Horror,Meleagris gallopavo,Clemmie Marl,1956/11/10,1950,585
9785072412845,Paper,Horror,unavailable,Raye Petracek,2010/04/29,1969,1342
9788238667935,Paper,Horror,Laniaurius atrococcineus,Peta O'Callaghan,1980/03/25,1976,1062
9788411410094,Paper,Horror,Bucorvus leadbeateri,Tiffi Huster,1984/11/25,1938,1358
9782424858876,Paper,Horror,Bubalus arnee,Chery Hassell,1971/10/23,1979,511
9786409867956,Paper,Horror,Pycnonotus barbatus,Alyssa Garmans,2011/11/13,1941,564
9787446948481,Paper,Horror,Estrilda erythronotos,Jdavie Stopforth,1950/07/30,1997,1323
9784594425885,Paper,Horror,Dasypus novemcinctus,Ezra O'Cleary,1967/11/11,2011,1300
9786418683848,Paper,Horror,Dusicyon thous,Julee Pratley,1998/02/16,1938,399
9784806858255,Paper,Horror,Felis concolor,Keriann Febre,1922/01/23,1967,1285
9785882039435,Paper,Horror,Francolinus coqui,Charmion Auton,1937/01/27,2007,17
9784660834238,Paper,Horror,Fratercula corniculata,Marilin Inseal,1934/02/23,1987,1168
9786750786370,Paper,Horror,Felis caracal,Berkley Slimm,1993/01/02,1951,1330
9782747200082,Paper,Horror,Dasypus septemcincus,Giraud Emerton,1966/06/02,1997,26
9783529408540,Paper,Horror,Morelia spilotes variegata,Ellissa Tadlow,1941/12/20,1984,109
9785797637258,Paper,Horror,Calyptorhynchus magnificus,Raimondo Love,1960/10/09,1988,1187
9781245976381,Paper,Horror,Dacelo novaeguineae,Evelyn Songist,1978/07/23,2010,641
9789823295914,Paper,Horror,Bos frontalis,Marabel Warin,1970/05/04,1978,1465
9781943347230,Paper,Horror,Tiliqua scincoides,Davida O' Mara,1982/12/29,1943,390
9781511733919,Paper,Horror,Merops nubicus,Jaclin Newall,1953/01/01,1925,1148
9787590933852,Paper,Horror,Notechis semmiannulatus,Spense Caesmans,1918/07/27,2001,849
9789303577564,Paper,Horror,Laniarius ferrugineus,Georgine Edmett,1955/06/01,1986,301
9787594667897,Paper,Horror,Crotaphytus collaris,Joshuah Ramsay,1967/05/26,2009,1374
9781282715988,Paper,Horror,Ourebia ourebi,Avrit Josifovitz,2012/01/12,1956,834
9784180950700,Paper,Horror,Hystrix indica,Valentia Brotherhead,1959/06/15,1956,509
9787227819682,Paper,Horror,Semnopithecus entellus,Joell Essel,1961/04/25,1962,349
9785917089687,Paper,Horror,Hippotragus equinus,Timmie Wilkison,1955/07/26,1996,319
9780142099173,Paper,Horror,Petaurus norfolcensis,Anatol Chieze,2011/10/31,1933,643
9789382822151,Paper,Horror,Tockus flavirostris,Boyd De Cleen,1992/04/19,1957,505
9784096633675,Paper,Horror,Ephipplorhynchus senegalensis,Serene Kidwell,1952/08/10,1984,57
9785658767543,Paper,Horror,Panthera leo persica,Olivier Blasio,1956/12/06,1997,522
9785975539579,Paper,Horror,Deroptyus accipitrinus,Orsola Harmstone,1980/07/04,1940,533
9781735176185,Paper,Horror,Ammospermophilus nelsoni,Brenden Goodrick,1966/11/05,1953,75
9788566473918,Paper,Horror,Morelia spilotes variegata,Lelia Pie,1989/09/16,1935,1263
9784550447799,Paper,Horror,Pteropus rufus,Carlie Siley,2002/09/20,2012,809
9783674563760,Paper,Horror,Alligator mississippiensis,Andrea Longina,1940/07/18,2007,1267
9781497062078,Paper,Horror,Macropus rufogriseus,Kynthia Johananoff,1975/09/16,2010,156
9780695426873,Paper,Horror,Mirounga angustirostris,Alisa Ridehalgh,1989/10/31,2013,1337
9782172765812,Paper,Horror,Ovis ammon,Fabien Lafaye,1994/06/17,2014,643
9789554897471,Paper,Horror,Ovis ammon,Nevin Morrel,1925/10/12,1984,308
9780928693354,Paper,Horror,Otaria flavescens,Melodie Redon,1959/07/12,1975,80
9788471205213,Paper,Horror,Varanus albigularis,Margit Stops,1966/08/18,1988,69
9787200755225,Paper,Horror,Dendrohyrax brucel,Sybille Whymark,1946/07/06,1998,742
9788842972052,Paper,Horror,Spheniscus magellanicus,Lincoln O'Lahy,1959/05/06,1999,1132
9782791907953,Paper,Horror,Ardea cinerea,Susannah Farris,1972/01/20,1964,1403
9785657974262,Paper,Horror,Nyctanassa violacea,Quincy Dudding,1992/09/05,1995,49
9787975306090,Paper,Horror,Martes americana,Leona Frere,1954/02/01,1997,806
9786838326269,Paper,Horror,Castor fiber,Ami Rantoul,1943/05/26,1982,1032
9784608939058,Paper,Horror,Ovis canadensis,Anthe Polon,1994/09/17,1928,209
9786570809273,Paper,Horror,Graspus graspus,Osbert Dodworth,1960/10/08,1968,248
9781595388934,Paper,Horror,Vulpes vulpes,Christopher Normanvill,1939/06/27,1994,291
9780390006463,Paper,Horror,Dicrurus adsimilis,Kai Reiners,1958/08/23,1984,585
9781215450858,Paper,Horror,Microcebus murinus,Jonis Kemmet,1964/06/23,1929,1227
9784653256633,Paper,Horror,unavailable,Ahmed Kolushev,1937/11/27,1985,776
9786924065113,Paper,Horror,Aonyx capensis,Lev Buzine,1975/01/11,1926,179
9788340549314,Paper,Horror,Phoca vitulina,Judon Harwick,1951/12/08,2004,1228
9788400531115,Paper,Horror,Notechis semmiannulatus,Thurstan Wortley,1925/07/25,1964,1141
9784728937198,Paper,Horror,Macropus agilis,Corabelle Bortolutti,1950/08/11,2017,434
9783712329838,Paper,Horror,Procyon cancrivorus,Ogden Andrew,1993/06/27,1996,697
9785204036770,Paper,Horror,Seiurus aurocapillus,Cedric Colebeck,1946/09/08,1937,187
9784406545069,Paper,Horror,Dipodomys deserti,Ardisj Jardein,1976/04/20,1993,410
9782124215367,Paper,Horror,Milvago chimachima,Zak MacColgan,2007/07/12,1980,1490
9788633170414,Paper,Horror,Propithecus verreauxi,Evelyn Edgeler,1991/06/03,1939,1151
9783654730071,Paper,Horror,Microcebus murinus,Violette Fancett,2008/09/03,1944,451
9784400554544,Paper,Horror,Sula nebouxii,Chaddie Seath,1978/10/05,1985,1307
9786564680452,Paper,Horror,Alcelaphus buselaphus caama,Florance Carnson,1997/07/09,1954,1219
9780783253426,Paper,Horror,Oryx gazella,Jaymie Percival,1988/10/16,1966,125
9786277542430,Paper,Horror,Oryx gazella,Silva Martonfi,1986/12/16,1967,1312
9786706085707,Paper,Horror,Graspus graspus,Sauncho Ales0,1993/11/10,1970,1018
9782580824742,Paper,Horror,Myiarchus tuberculifer,Sidonnie Nobes,1926/06/28,1969,1141
9780645209988,Paper,Horror,Ramphastos tucanus,Leicester Barnaby,1930/07/22,1985,267
9784917765610,Paper,Horror,Cabassous sp.,Berny Elkins,1944/02/28,1950,1182
9785851604292,Paper,Horror,Diceros bicornis,Alexandre Loder,1970/04/30,2005,232
9789780033899,Paper,Horror,Eolophus roseicapillus,Curr Priddle,1965/03/23,2006,1173
9784567441817,Paper,Horror,Pteropus rufus,Feodor Cuffley,1994/01/05,1978,317
9781109231849,Paper,Horror,Rhabdomys pumilio,Wainwright Sharphouse,1939/03/25,1972,82
9785579109147,Paper,Horror,Crotalus cerastes,Leonardo Sedgemore,1997/03/13,1945,295
9784927641546,Paper,Horror,Spermophilus armatus,Yulma Mulles,1980/02/19,1931,1369
9784433613644,Paper,Horror,Zonotrichia capensis,Stefan Witherup,1990/03/25,1942,1164
9788101027070,Paper,Horror,Vulpes vulpes,Suellen Hoyt,2003/08/14,1938,976
9780976442632,Paper,Horror,Canis lupus baileyi,Julie Fenna,1967/05/08,1982,854
9786149169811,Paper,Horror,Gyps fulvus,Lauraine Tynewell,2001/02/04,1985,647
9784112022593,Paper,Horror,Lycosa godeffroyi,Robbie McSpirron,1956/10/13,1991,671
9781765860036,Paper,Horror,Cathartes aura,Garik Sharpus,1936/07/02,2015,920
9785546087107,Paper,Horror,Chauna torquata,Benson Catt,1953/04/09,1989,953
9784843862476,Paper,Horror,unavailable,Chery Orto,1961/11/22,1993,1258
9783388130485,Paper,Horror,unavailable,Avrom Cridlan,1963/02/28,1975,730
9785285254744,Paper,Horror,Hippotragus niger,Minnaminnie Judd,2010/01/24,1980,682
9784752072980,Paper,Horror,unavailable,Maryrose Causer,1961/01/06,2005,1029
9785610108338,Paper,Horror,Gekko gecko,Janessa Burmingham,1926/04/17,1953,548
9780544408606,Paper,Horror,Ovibos moschatus,Renelle Teodorski,1952/07/18,1994,602
9788269872674,Paper,Horror,Zosterops pallidus,Cornall Lohmeyer,1991/05/19,1999,515
9788603989688,Paper,Horror,Dasyurus maculatus,Toby Naile,1925/08/23,1983,424
9786902344769,Paper,Horror,Chlamydosaurus kingii,Ned Dale,1955/02/07,1962,614
9785411179034,Paper,Horror,unavailable,Carrol Giabuzzi,1951/12/13,1992,754
9780781791190,Paper,Horror,unavailable,Bibi Wathen,1951/08/30,1941,842
9786378998480,Paper,Horror,Aonyx capensis,Bancroft Shakespeare,1929/02/13,1972,397
9782644050759,Paper,Horror,Dipodomys deserti,Pavlov Cossom,1918/02/21,1971,443
9786760261025,Paper,Horror,Ardea golieth,Jecho Cathcart,1958/12/11,1988,1104
9789835377887,Paper,Horror,Canis aureus,Demetrius Eichmann,1931/12/31,1932,960
9784456139033,Paper,Horror,Varanus sp.,Willa Dibble,2011/05/04,1959,403
9784644867332,Paper,Horror,Scolopax minor,Cal Bernadot,2006/05/25,1983,1328
9786345764756,Paper,Horror,Butorides striatus,Hedy Cunniam,1937/10/17,2002,412
9787101044616,Paper,Horror,Platalea leucordia,Sonya Kilbane,1990/04/06,1951,1400
9786653829710,Paper,Horror,Sterna paradisaea,Loretta Nial,1924/12/20,1953,895
9788089999952,Paper,Horror,Ciconia ciconia,Zea Winfrey,1943/03/07,1938,1451
9782921166834,Paper,Horror,Cabassous sp.,Deeann Lamshead,2004/09/26,1966,344
9785194903710,Paper,Horror,Aegypius tracheliotus,Clerissa Crow,2008/01/17,2010,456
9786494895083,Paper,Horror,Macaca nemestrina,Carlynn Stein,1993/01/16,1957,654
9780354063074,Paper,Horror,Libellula quadrimaculata,Berkly Bridewell,1942/01/21,1930,581
9782322204845,Paper,Horror,Canis aureus,Noby O'Sheerin,1951/05/05,2005,238
9786457979825,Paper,Horror,Tyto novaehollandiae,Ameline Stonestreet,1999/05/19,1989,13
9783285177211,Paper,Horror,Vanessa indica,Theadora Sprague,1937/03/18,1926,826
9784908033653,Paper,Horror,Actophilornis africanus,Silvester Twell,1987/11/12,1956,1338
9789003914848,Paper,Horror,Ciconia ciconia,Gherardo Hitter,1936/03/17,1988,705
9787869971107,Paper,Horror,Elephas maximus bengalensis,Nathalia Claeskens,1982/10/20,1960,947
9782897335449,Paper,Horror,Phalacrocorax carbo,Booth Spehr,2012/03/28,1984,878
9780073842780,Paper,Horror,Gyps bengalensis,Laurie Overthrow,1994/04/07,1971,170
9788266181232,Paper,Horror,Paroaria gularis,Ferrell Chrstine,1936/11/07,2014,909
9786159697432,Paper,Horror,Suricata suricatta,Kathy Braker,1962/05/01,2001,1031
9787285364389,Paper,Horror,Phascogale tapoatafa,Afton Bussey,1999/05/26,1934,635
9780042057630,Paper,Horror,Bos mutus,Joelynn Loweth,1924/03/15,1961,1436
9781598988149,Paper,Horror,Eremophila alpestris,Ethe Vardey,2009/12/26,1982,809
9782321935038,Paper,Horror,Tayassu tajacu,Pyotr Joffe,1933/03/28,1980,343
9781121164109,Paper,Horror,Acrantophis madagascariensis,Dianne Phaup,1920/07/05,1947,1045
9780730345470,Paper,Horror,Alcelaphus buselaphus caama,Faydra Gartshore,2004/09/05,1952,1418
9789291737718,Paper,Horror,unavailable,Leese Yakunkin,1945/11/24,1929,610
9786267568681,Paper,Horror,Neophoca cinerea,Janot Whiteside,1962/05/14,2014,524
9786056575881,Paper,Horror,Turtur chalcospilos,Sela Azemar,1944/11/12,1937,1283
9781617825424,Paper,Horror,Phoenicopterus chilensis,Nealon Cofax,1942/04/10,1981,1137
9787769593715,Paper,Horror,Phoenicopterus chilensis,Normy Durber,1944/05/18,1962,560
9782930041194,Paper,Horror,Naja sp.,Jamill Darter,2003/10/17,1992,1272
9786969099947,Paper,Horror,Phascogale calura,Elysee Dukesbury,1963/04/02,1978,1400
9780312053274,Paper,Horror,Pseudalopex gymnocercus,Mauricio June,1917/08/27,1981,602
9780725264393,Paper,Horror,Cynictis penicillata,Bobby Derrington,1997/07/04,2017,1340
9781200882629,Paper,Horror,Varanus komodensis,Welch Halburton,1991/10/17,1939,148
9786177978787,Paper,Horror,Pelecans onocratalus,Sybille Fairebrother,2010/04/05,1982,1142
9784579250956,Paper,Horror,Geochelone elephantopus,Cosetta Allworthy,2002/04/23,1957,1338
9784414675223,Paper,Horror,Bucorvus leadbeateri,Enrica Bailes,1970/06/01,1985,1239
9780568879228,Paper,Horror,Bubalornis niger,Mignonne Bettam,1964/11/23,1965,720
9780186237363,Paper,Horror,Ara macao,Janean Ritchman,1961/04/29,1993,821
9785401702738,Paper,Horror,Ursus arctos,Adrianne Anwell,1935/11/07,2001,1220
9789451500585,Paper,Horror,Macropus eugenii,Perceval Dagon,1994/03/01,1963,209
9789565265799,Paper,Horror,Ardea golieth,Hallie Bassford,2007/07/08,1933,496
9789983591340,Paper,Horror,Uraeginthus angolensis,Barr Behrend,1933/07/25,2011,519
9788254338497,Paper,Horror,Lama pacos,Melisse Wipfler,1983/05/28,1977,1481
9789500898789,Paper,Horror,Upupa epops,Donavon Skittle,2011/02/09,1992,657
9789839776301,Paper,Horror,Litrocranius walleri,Melanie Teasdale,2001/12/24,1963,276
9785181139044,Paper,Horror,Varanus sp.,Madelaine Morman,1924/06/10,1955,146
9787389129672,Paper,Horror,Threskionis aethiopicus,Lenka Clynter,1989/06/12,1946,850
9785446391629,Paper,Horror,Ara chloroptera,Leisha Foord,1987/07/09,1934,1098
9784517335260,Paper,Horror,Eubalaena australis,Ree Balcers,1995/03/22,1960,728
9786974705208,Paper,Horror,Echimys chrysurus,Stacy Phonix,2007/06/01,2007,935
9786121831145,Paper,Horror,Sula dactylatra,Modesta Grishechkin,1931/01/14,1925,394
9785971186370,Paper,Horror,Tringa glareola,Sauncho Luno,1934/03/20,1994,174
9782519130789,Paper,Horror,Phalacrocorax niger,Jeannette MacDiarmid,1977/07/01,1931,135
9782656763055,Paper,Horror,Callorhinus ursinus,Pavlov Ybarra,2008/04/12,1977,1374
9787443047780,Paper,Horror,Lycaon pictus,Corrianne Threlfall,1931/07/22,1943,886
9787720671634,Paper,Horror,Anthropoides paradisea,Emanuel Whacket,2003/12/27,1941,253
9788265569202,Paper,Horror,Castor canadensis,Yetty McVrone,1988/01/31,2008,1444
9784297837448,Paper,Horror,Taxidea taxus,Pooh Early,2008/11/27,1995,942
9782628960173,Paper,Horror,Acanthaster planci,Roarke Mingardi,1917/11/16,1935,1203
9783825232645,Paper,Horror,Threskionis aethiopicus,Lotti Rigard,1933/06/07,2009,200
9786601460788,Paper,Horror,Varanus sp.,Nedda Ickov,1924/06/01,1997,851
9789284123698,Paper,Horror,unavailable,Garrard Whitmore,1968/08/25,1974,1080
9788378260741,Paper,Horror,Pelecanus occidentalis,Timmi Percival,1973/11/26,1946,1372
9786096234277,Paper,Horror,Dusicyon thous,Alberik Pollins,1929/11/16,1983,100
9785015932210,Paper,Horror,Ciconia ciconia,Rina Doog,1938/03/28,1989,889
9787818700135,Paper,Horror,Psophia viridis,Alena Larmour,1999/11/05,1945,783
9781749696986,Paper,Horror,Galictis vittata,Zollie Klimochkin,1931/11/18,1956,1012
9784677438997,Paper,Horror,Bos mutus,Marlo Gyse,1984/11/08,1927,46
9787672417946,Paper,Horror,Phylurus milli,Rachele Paolini,2006/03/27,2009,473
9781660474235,Paper,Horror,Ara ararauna,Cherri Caldes,1983/06/14,1965,547
9785470485780,Paper,Horror,Equus burchelli,Aguistin Ivashnikov,1927/11/07,1933,1037
9782648453764,Paper,Horror,unavailable,Payton Coat,1989/05/11,1967,1496
9789007567886,Paper,Horror,Himantopus himantopus,Louisette Goldberg,2012/11/27,1975,869
9787477828214,Paper,Horror,Lutra canadensis,Emory Tynemouth,1934/06/22,1949,638
9787598307462,Paper,Horror,Eutamias minimus,Denys Fosken,1928/09/28,1999,854
9783693023823,Paper,Horror,Equus hemionus,Corrie Corser,2001/10/21,1970,1474
9786623125282,Paper,Horror,Vulpes cinereoargenteus,Benoit Murch,1957/10/30,2017,1058
9788843770058,Paper,Horror,Bubo virginianus,Giusto Noden,1946/04/10,1968,1499
9784794216890,Paper,Horror,Neophron percnopterus,Deonne Alenov,1924/08/16,1990,435
9781723789699,Paper,Horror,Semnopithecus entellus,Jaine Commucci,1929/08/04,1971,1367
9781578405231,Paper,Horror,Ammospermophilus nelsoni,Urbanus Coalbran,1984/09/13,2008,941
9786937422028,Paper,Horror,Stenella coeruleoalba,Maurits Champkins,1986/09/12,2007,685
9781385675994,Paper,Horror,Anas punctata,Veronike Sappy,2001/07/18,1939,1056
9787580063453,Paper,Horror,Snycerus caffer,Tanhya Saddleton,1967/12/31,1966,384
9780887676715,Paper,Horror,Echimys chrysurus,Kenneth Brookz,1974/02/13,2012,446
9786556493046,Paper,Horror,Bubalus arnee,Callie Este,1960/10/04,1937,223
9780959640487,Paper,Horror,Eumetopias jubatus,Brande Loveridge,1957/12/22,1974,819
9788437548013,Paper,Horror,Grus canadensis,Byrom Cyseley,1939/03/20,1962,1473
9786929570514,Paper,Horror,Philetairus socius,Gillian Manby,1947/02/15,1983,645
9787927404954,Paper,Horror,Myrmecobius fasciatus,Melisenda Folonin,1941/12/09,1969,103
9789545797742,Paper,Horror,Ctenophorus ornatus,Jeanie Kliesl,1936/12/03,1956,145
9783118713272,Paper,Horror,Chauna torquata,Melanie Sabie,1965/09/21,1925,494
9783815796723,Paper,Horror,Manouria emys,Rabi Pearmain,1949/10/03,1968,693
9784725956808,Paper,Horror,Gyps bengalensis,Leticia Nuschke,1932/01/29,2016,938
9787325717250,Paper,Horror,Mungos mungo,Tana Reuss,1958/02/11,1981,1098
9789682462506,Paper,Horror,Corallus hortulanus cooki,Kinsley Pidduck,2012/11/01,2010,545
9788444492722,Paper,Horror,Loris tardigratus,Hartwell Rymer,1955/10/08,1926,180
9784897667524,Paper,Horror,Naja haje,Alma Yaknov,1983/07/30,1928,804
9780300106092,Paper,Horror,Marmota flaviventris,Issie Ralphs,1932/02/10,1990,1415
9785760525402,Paper,Horror,Chlamydosaurus kingii,Lisa Monk,1926/07/24,1956,358
9787882288113,Paper,Horror,Eolophus roseicapillus,Rhys Dishmon,1956/05/06,1982,614
9789123071688,Paper,Horror,Spermophilus richardsonii,Roderick Longega,1921/01/09,1936,1468
9789040139934,Paper,Horror,Kobus defassa,Stacee Sheran,1962/06/24,1934,713
9782356560678,Paper,Horror,Butorides striatus,Lacee Glenn,1971/05/27,1988,727
9789118321431,Paper,Horror,Tiliqua scincoides,Pietrek Roberson,1924/05/27,1938,709
9781303552053,Paper,Horror,Haematopus ater,Rowland Duker,1932/02/13,1982,449
9785103971613,Paper,Horror,Corvus brachyrhynchos,Tobye Whiteman,2004/05/03,1925,1280
9789546146271,Paper,Horror,Callorhinus ursinus,Delly Pietersma,1992/07/10,1940,978
9787422559778,Paper,Horror,Rhea americana,Davina Applegarth,1961/04/16,1926,958
9780242578155,Paper,Horror,Ictonyx striatus,Steffie Puig,1962/03/07,2007,656
9785415492292,Paper,Horror,Eunectes sp.,Garald Harkus,1937/10/04,1967,272
9782129441130,Paper,Horror,Anas bahamensis,Lishe Ruddom,1948/09/12,1942,474
9788832928813,Paper,Horror,Meles meles,Ardelia Cunliffe,2001/08/02,1963,825
9784909239461,Paper,Horror,Eurocephalus anguitimens,Porty Franek,1948/09/26,2013,1199
9783694155793,Paper,Horror,Thamnolaea cinnmomeiventris,Clo MacAne,1980/12/10,1950,183
9782786975064,Paper,Horror,Axis axis,Raoul Ratcliff,1967/04/01,1984,671
9784714258327,Paper,Horror,Diomedea irrorata,Roselia Sacher,1959/06/12,1960,1162
9783179486136,Paper,Horror,Nannopterum harrisi,Bevon Meric,1963/12/15,1982,281
9782755394076,Paper,Horror,Bettongia penicillata,Darn O'Siaghail,1989/01/26,2007,1023
9787331896172,Paper,Horror,Canis latrans,Aharon Exrol,1965/01/30,1988,1256
9787587812961,Paper,Horror,Bubalornis niger,Ivar Moralis,1965/03/17,1958,1374
9788985295976,Paper,Horror,Dendrocygna viduata,Concordia Greenough,1978/09/24,1931,1261
9781543341484,Paper,Horror,Anhinga rufa,Crystie Seed,1945/03/05,1995,111
9785906952765,Paper,Horror,Tapirus terrestris,Lauralee Kornilyev,1924/07/27,1985,280
9789435977367,Paper,Horror,Streptopelia decipiens,Colas Horsell,1951/10/17,1957,1104
9784923169272,Paper,Horror,Procyon cancrivorus,Zebadiah Held,2012/06/08,1936,800
9787124174257,Paper,Horror,Ephipplorhynchus senegalensis,Cahra Felix,1922/10/03,1980,34
9781492655904,Paper,Horror,Eolophus roseicapillus,Averil Robey,1952/03/17,1932,971
9788287863586,Paper,Horror,Passer domesticus,Masha Castillo,1951/01/22,1994,493
9786607267318,Paper,Horror,Semnopithecus entellus,Stewart Wrintmore,1933/02/14,1938,1127
9789796807024,Paper,Horror,Columba palumbus,Ethelyn Gytesham,1990/06/30,1950,447
9787235574971,Paper,Horror,Eudyptula minor,Alaster Suerz,1975/12/04,2011,1256
9789812018332,Paper,Horror,Mirounga angustirostris,Curcio Pimblotte,1918/07/09,1962,946
9780129769805,Paper,Horror,Papio cynocephalus,Murray Bleckly,1921/12/24,1978,276
9787193381807,Paper,Horror,Pteronura brasiliensis,Sherwynd Udall,1982/07/23,1987,744
9781428772543,Paper,Horror,Bison bison,Charmain Pickavance,2006/03/01,1977,52
9782028346450,Paper,Horror,Egretta thula,Tadeo Ughetti,1972/03/02,1962,958
9781623525078,Paper,Horror,Loxodonta africana,Eugenius Conrad,2008/05/19,2001,1143
9788069351370,Paper,Horror,Chlidonias leucopterus,Candy Barrick,1995/10/27,1967,316
9782267435350,Paper,Horror,Callorhinus ursinus,Nathanial Leil,1957/01/30,1950,62
9786699971940,Paper,Horror,Semnopithecus entellus,Janice Coventry,1948/01/04,1972,789
9783002636228,Paper,Horror,Oncorhynchus nerka,Abdul Licari,1996/05/15,1966,302
9781667502803,Paper,Horror,unavailable,Brigit Jecks,1975/08/29,1991,13
9784825247736,Paper,Horror,Ciconia episcopus,Kerry Bushel,1953/01/16,2008,639
9786365483298,Paper,Horror,Stenella coeruleoalba,Tierney Maddie,2011/04/21,1943,81
9783682694475,Paper,Horror,Gazella thompsonii,Casi Elgram,1919/02/26,1933,817
9784841117473,Paper,Horror,Crocuta crocuta,Preston Huntress,1950/07/03,1944,991
9784191897769,Paper,Horror,Castor canadensis,Leland Mathieu,1951/04/26,1944,267
9789784732934,Paper,Horror,Dicrurus adsimilis,Maryellen Jakubovics,1940/01/21,1943,82
9782614360121,Paper,Horror,Cacatua tenuirostris,Eunice Lipscomb,1966/08/16,1980,572
9784792663858,Paper,Horror,Amazona sp.,Nathan Meadus,1923/09/16,1942,962
9782119990977,Paper,Horror,Psophia viridis,Amby Towner,1921/05/04,1930,1032
9786826146892,Paper,Horror,Canis mesomelas,Sigfried Kitchinham,2011/12/29,2000,862
9782683560993,Paper,Horror,Diomedea irrorata,Wilek Camell,2000/05/01,1964,186
9787317710049,Paper,Horror,Ovis canadensis,Prent Lantaph,1970/05/09,1940,82
9787812716227,Paper,Horror,Ninox superciliaris,Giulio de Juares,1998/01/16,1984,1208
9781229985463,Paper,Horror,Bassariscus astutus,Gwenette Nias,1978/08/01,1993,800
9781837398536,Paper,Horror,unavailable,Tamera Rops,1920/10/07,1952,329
9781970929130,Paper,Horror,Tringa glareola,Neil Jandac,1939/08/03,1925,1240
9780905396239,Paper,Horror,Vombatus ursinus,Kassandra Swaden,1939/11/08,1967,1353
9782391788276,Paper,Horror,Ara ararauna,Knox Gritland,1982/08/23,2003,896
9782548502322,Paper,Horror,Chauna torquata,Alphard Lapping,1918/01/23,1941,180
9787372830209,Paper,Horror,Actophilornis africanus,Candy Bettison,1934/06/11,2003,1243
9785057056287,Paper,Horror,Psittacula krameri,Edvard Spawton,1988/07/09,1996,938
9783590236892,Paper,Horror,Boa constrictor mexicana,Doralyn Lazell,1952/01/17,1955,433
9782508177570,Paper,Horror,Macropus eugenii,Norton Kirstein,2012/01/23,1927,882
9782841132780,Paper,Horror,Giraffe camelopardalis,Stephie Pembery,1944/08/10,1971,1437
9781225845789,Paper,Horror,Orcinus orca,Brandy Jenney,1923/02/03,1998,1123
9787378786429,Paper,Horror,Myiarchus tuberculifer,Garrick Feldbaum,1953/11/29,1965,697
9785685994327,Paper,Horror,Cacatua tenuirostris,Bambi Whightman,1948/08/19,2010,924
9781341379297,Paper,Horror,Mirounga angustirostris,Farlay Maynard,1931/09/10,1998,714
9788664161376,Paper,Horror,Crotalus cerastes,Rurik Jarrard,1994/12/03,1972,244
9789570550084,Paper,Horror,Otaria flavescens,Lucas Mizzi,1947/07/03,1965,269
9781145343765,Paper,Horror,Merops bullockoides,Theresa Winger,1991/05/30,1947,706
9782840679544,Paper,Horror,Ctenophorus ornatus,Dara Manchett,1979/08/29,1948,1192
9782501974259,Paper,Horror,Uraeginthus granatina,Rance Neller,1927/12/14,1981,140
9787460695673,Paper,Horror,Lutra canadensis,Tedra Gabel,1928/07/03,1998,539
9789182415692,Paper,Horror,Francolinus coqui,Jorry Faltin,2000/12/09,1945,79
9781719563575,Paper,Horror,Cracticus nigroagularis,Emalee Chasle,1984/10/30,1965,127
9782397378174,Paper,Horror,Meles meles,Gretel Karsh,1964/01/26,2016,233
9787711586468,Paper,Horror,Tayassu tajacu,Baxter Bonhill,1994/07/17,2003,1353
9788489415097,Paper,Horror,Spheniscus mendiculus,Susi Bowler,1988/05/21,1934,274
9789160950868,Paper,Horror,Spizaetus coronatus,Edvard Grayer,1978/05/09,1942,644
9787776762526,Paper,Horror,Anas bahamensis,Budd Jerche,1949/09/20,1949,101
9788714156165,Paper,Horror,Crotalus triseriatus,Karylin Stollenwerck,1930/01/31,1975,344
9787831923562,Paper,Horror,Anthropoides paradisea,Christy Abad,1930/07/24,2011,774
9788329680586,Paper,Horror,Caiman crocodilus,Jannelle Creebo,1951/11/28,1937,137
9784559552821,Paper,Horror,Lybius torquatus,Igor Paur,1919/07/29,1946,1217
9782038138103,Paper,Horror,Felis silvestris lybica,Normand Dicky,1949/04/07,1981,489
9781005718144,Paper,Horror,Cervus canadensis,Tarrah Glackin,1975/10/18,1945,12
9781044816561,Paper,Horror,Graspus graspus,Adorne Tawse,1936/03/16,1992,94
9782727011591,Paper,Horror,Macropus rufogriseus,Lory Woodford,1997/09/25,1950,144
9787552652434,Paper,Horror,unavailable,Braden Baunton,2011/02/05,1956,609
9789537962628,Paper,Horror,Bison bison,Caroline Kassel,1948/03/29,1992,119
9784155067738,Paper,Horror,Crotalus adamanteus,Cora Revett,1993/06/22,1979,112
9781967417636,Paper,Horror,Loxodonta africana,Lucky Pettus,1994/03/08,2011,1064
9785730169564,Paper,Horror,Cygnus buccinator,Christen Lobb,1943/03/07,1935,757
9783274691536,Paper,Horror,Ceryle rudis,Ambrosio Bonsul,1997/02/20,1957,180
9782442214787,Paper,Horror,Tadorna tadorna,Archer Basten,1987/08/13,1969,415
9787765793808,Paper,Horror,Macaca nemestrina,Willamina Rawlings,1935/10/03,1961,160
9787429060933,Paper,Horror,Notechis semmiannulatus,Alasteir Ritchard,1919/06/24,1997,583
9788890924495,Paper,Horror,Equus burchelli,Portia Condict,1988/07/08,1995,1157
9782821515049,Paper,Horror,Petaurus breviceps,Dyana Thewles,1947/03/26,1967,1288
9788099855201,Paper,Horror,Butorides striatus,Bartel Zannini,1958/07/13,1957,1434
9784600320254,Paper,Horror,Hydrochoerus hydrochaeris,Demetra Grinvalds,1927/04/07,2003,949
9786840670735,Paper,Horror,Choloepus hoffmani,Gayel Dixon,2007/10/09,1966,99
9789697963974,Paper,Horror,Calyptorhynchus magnificus,Karel Eckersley,1986/11/01,1994,144
9782514990177,Paper,Horror,Rhea americana,Gareth Crimp,1921/10/20,1962,849
9789396668410,Paper,Horror,Cordylus giganteus,Janaye Ketteman,1995/12/27,2003,212
9787602427992,Paper,Horror,Tachyglossus aculeatus,Bert Sizey,1932/01/20,1935,371
9780318622961,Paper,Horror,Anhinga rufa,Jorrie Leeson,1989/07/13,2016,1149
9785270760751,Paper,Horror,Gabianus pacificus,Nissie Girke,1982/07/29,1972,725
9789828299333,Paper,Horror,Vanellus armatus,Patty Murkus,1996/05/06,1981,666
9788772534718,Paper,Horror,Zosterops pallidus,Jaime Kidston,1944/12/22,1928,752
9787873410240,Paper,Horror,Lasiorhinus latifrons,Derwin Hanne,1975/05/31,2011,149
9782282475994,Paper,Horror,Cordylus giganteus,Ramsey Ramsell,1955/07/21,1969,725
9782217709437,Paper,Horror,Limnocorax flavirostra,Ashlee Minocchi,1960/12/05,2004,100
9780365475500,Paper,Horror,Phalacrocorax albiventer,Elspeth Copley,2009/04/06,2004,637
9782789583306,Paper,Horror,Geococcyx californianus,Teresina Truscott,1993/06/17,1984,1325
9780580103925,Paper,Horror,Oxybelis sp.,Marcelo Hanscomb,1950/01/02,2006,1498
9789793936509,Paper,Horror,Butorides striatus,Allys Rouchy,1976/05/30,1982,1307
9782845095049,Paper,Horror,Otaria flavescens,Trey Goldthorp,1960/06/26,2017,81
9783275900506,Paper,Horror,Pteronura brasiliensis,Renard Treasure,1961/08/15,1975,1460
9784652173988,Paper,Horror,Castor canadensis,Lexy Bourges,1985/09/27,1983,749
9785886885186,Paper,Horror,Cygnus atratus,Cynde Lainton,1979/07/14,2009,457
9786332747917,Paper,Horror,Centrocercus urophasianus,Lisabeth Sweatman,1937/01/08,2015,200
9782264633241,Paper,Horror,Varanus komodensis,Carlynne Roscoe,1971/12/30,1976,158
9784209704471,Paper,Horror,Anas punctata,Emelen Puttergill,2001/07/09,1929,1198
9781036048485,Paper,Horror,Damaliscus dorcas,Sibelle Marjoribanks,1939/08/31,2005,534
9789070415312,Paper,Horror,Dicrostonyx groenlandicus,Ruggiero Tregensoe,1924/04/09,1979,147
9787184895085,Paper,Horror,Myiarchus tuberculifer,Toby Petersen,1950/09/07,1950,1087
9786797340939,Paper,Horror,Bradypus tridactylus,Rossie Ebbings,1963/11/27,1944,1060
9781167090392,Paper,Horror,Cervus canadensis,Adara Lidyard,1974/08/19,1991,1063
9783464814270,Paper,Horror,Genetta genetta,Lucais Tomicki,1962/12/22,1959,1460
9788700263031,Paper,Horror,Pytilia melba,Madalena Scourge,2010/12/25,1980,1023
9786089181399,Paper,Horror,Nectarinia chalybea,Lucho Kinchlea,1945/12/25,1992,1495
9787417600179,Paper,Horror,Melanerpes erythrocephalus,Debor Jerche,2010/07/08,2009,1015
9789870479917,Paper,Horror,Canis mesomelas,Norrie Widdison,1995/01/10,2013,94
9781050841105,Paper,Horror,Acrobates pygmaeus,Wiley Schwieso,1938/03/09,1976,934
9788828942896,Paper,Horror,Bucephala clangula,Minni Apted,1929/02/05,1980,1313
9787217555484,Paper,Horror,Bubalus arnee,Orrin Cowely,1952/08/28,2013,571
9781443221112,Paper,Horror,Panthera leo,Nissy Oakenfall,1929/06/25,1987,675
9787577842458,Paper,Horror,Pseudocheirus peregrinus,Alva Gover,1982/03/14,1990,338
9789421396811,Paper,Horror,Coracias caudata,Rani Probey,1949/01/27,2017,1072
9783631560625,Paper,Horror,Lamprotornis superbus,Curr Wenderott,1986/02/18,2012,1051
9781914325465,Paper,Horror,Tayassu tajacu,Norrie Petit,1965/03/13,1953,139
9784105651094,Paper,Horror,Varanus sp.,Bettine Rennebeck,1980/11/02,2000,512
9780115697391,Paper,Horror,Plectopterus gambensis,Selle Bovis,1961/08/05,1977,713
9781864045604,Paper,Horror,Dendrocitta vagabunda,Aaren Shurrocks,1925/05/17,1981,773
9781434492078,Paper,Horror,Panthera leo persica,Jennie Busby,1923/01/10,1998,814
9784444942275,Paper,Horror,Gymnorhina tibicen,Bradly Arnefield,1988/02/06,1930,149
9783226486969,Paper,Horror,Tiliqua scincoides,Morie Karleman,1971/03/13,1941,321
9788570452867,Paper,Horror,Castor fiber,Olwen Gouldeby,1974/07/21,1942,1354
9784736291347,Paper,Horror,Vicugna vicugna,Mollee Callard,1974/04/14,2012,90
9786494308890,Paper,Horror,Neotis denhami,Kurt Bannerman,1921/06/01,1959,1443
9787827484918,Paper,Horror,unavailable,Stanton Backe,1936/06/25,1931,177
9786759057906,Paper,Horror,Meles meles,Chrisy McOrkil,1950/03/11,1973,529
9786372683309,Paper,Horror,Pitangus sulphuratus,Maryjo Beste,1997/10/03,1981,868
9786066158308,Paper,Horror,Morelia spilotes variegata,Arlin Hrishanok,1933/01/04,1940,42
9786997028622,Paper,Horror,Numida meleagris,Emera Merrin,2001/03/03,1942,1028
9782125898146,Paper,Horror,Falco mexicanus,Jannelle Lowson,1928/04/13,1966,261
9785351431549,Paper,Horror,Aegypius tracheliotus,Wenda Seleway,2008/03/31,1927,39
9781766492263,Paper,Horror,Martes americana,Ad Gisbey,1962/08/01,1952,1315
9787195970780,Paper,Horror,Climacteris melanura,Malvina Mower,1927/02/22,1987,1044
9789706012453,Paper,Horror,Panthera pardus,Jehu Werndly,1977/02/01,1981,872
9781927583427,Paper,Horror,Theropithecus gelada,Bette-ann Gwyther,2000/12/20,2002,284
9783857692286,Paper,Horror,Coluber constrictor,Cyndie Matteotti,1966/05/15,1976,1074
9789620955159,Paper,Horror,Uraeginthus granatina,Shurwood Deavin,1981/05/18,2006,600
9782133145006,Paper,Horror,Semnopithecus entellus,Tiffanie Ennor,1929/11/16,1993,586
9786705873110,Paper,Horror,Graspus graspus,Nelli Rosenqvist,1930/09/13,1960,227
9785806373558,Paper,Horror,Redunca redunca,Shae Baber,2007/05/28,1956,406
9781245036933,Paper,Horror,Oxybelis sp.,Audrye Landes,1972/06/05,1936,98
9784980861555,Paper,Horror,Acrantophis madagascariensis,Dalila Levesley,1991/05/19,1977,1478
9789360949877,Paper,Horror,Macropus eugenii,Gretchen Adlam,1982/11/19,1998,24
9785776255121,Paper,Horror,Bassariscus astutus,Gayle Capnor,2004/06/25,1975,1177
9781967893109,Paper,Horror,Uraeginthus granatina,Mead Bushrod,1943/10/29,1994,267
9789129254906,Paper,Horror,Falco peregrinus,Alis Pepper,2001/02/12,1925,564
9787214671713,Paper,Horror,Genetta genetta,Bernadine Sidebotton,1959/01/28,2002,156
9785176455907,Paper,Horror,Larus fuliginosus,Pepi Rosetti,1987/06/13,1983,227
9782414465959,Paper,Horror,Ninox superciliaris,Olive Vedekhov,1965/04/19,1994,828
9787443246426,Paper,Horror,Equus burchelli,Edmund Skyrm,1981/03/05,1978,986
9782934618490,Paper,Horror,Sarcorhamphus papa,Mathian Stammer,1940/04/14,2005,815
9789555802653,Paper,Horror,Phalacrocorax niger,Robbi Walklott,1934/12/08,1978,1209
9786935317456,Paper,Horror,Varanus komodensis,Annissa Menichi,1986/08/12,2000,60
9788586440145,Paper,Horror,Haliaetus vocifer,Burton Peverell,1927/11/23,1945,1070
9783989433766,Paper,Horror,Himantopus himantopus,Vivianne Sprankling,1923/09/06,2016,903
9785215725822,Paper,Horror,Phalacrocorax brasilianus,Gerik Lemary,1969/02/18,1984,721
9783575743566,Paper,Horror,Pteropus rufus,Gradeigh Corston,1971/11/17,1978,409
9784997045154,Paper,Horror,Macaca mulatta,Stephine Cuttin,1971/11/25,1955,1280
9787762080471,Paper,Horror,Microcebus murinus,Noland Detoile,2000/07/23,1938,1203
9784416611733,Paper,Horror,Eubalaena australis,Gabriella Mawd,1962/08/25,1930,486
9787634839707,Paper,Horror,Ardea cinerea,Sephira Polendine,1997/05/25,1925,944
9782050750142,Paper,Horror,Larus dominicanus,Ephraim Pauer,1964/11/07,1976,476
9788586309775,Paper,Horror,Meles meles,Chrystel Gingell,1927/02/14,1977,130
9788912833691,Paper,Horror,Dasyurus maculatus,Mellicent Normanton,1928/10/09,1987,470
9789404074240,Paper,Horror,Geococcyx californianus,Yolanthe Coldbreath,1929/11/14,1940,148
9786962465718,Paper,Horror,Ceratotherium simum,Orlando Gilcrist,1924/07/23,1971,1250
9786611676769,Paper,Horror,Colobus guerza,Lilla Tremellan,1937/08/14,1925,886
9782627402172,Paper,Horror,Marmota monax,Gretchen Digg,1949/03/13,1974,35
9781789965154,Paper,Horror,Cyrtodactylus louisiadensis,Nikola Vardey,1982/02/25,1946,252
9783749930718,Paper,Horror,unavailable,Ave Gowlett,1941/04/26,1969,1474
9783731044679,Paper,Horror,Mellivora capensis,Belinda Derrington,1938/10/11,2008,1184
9784710458695,Paper,Horror,Tamandua tetradactyla,Ulric Ring,1946/10/02,1977,1380
9780995232683,Paper,Horror,Myiarchus tuberculifer,Rosalia Grinter,1959/05/27,1935,1258
9781405592003,Paper,Horror,Myrmecobius fasciatus,Brion O'Hare,1951/12/14,1954,1048
9784926902207,Paper,Horror,Sylvilagus floridanus,Hanna Cavilla,1926/04/18,1969,369
9782283921600,Paper,Horror,Felis silvestris lybica,Daile Denyakin,1989/01/28,1975,686
9783801347712,Paper,Horror,Vulpes chama,Euphemia Rounsefell,1932/02/28,1951,1262
9784091652144,Paper,Horror,Semnopithecus entellus,Hanny Depka,1926/05/22,1961,1036
9781748133708,Paper,Horror,Lamprotornis nitens,Josie Dawkins,1919/01/06,1984,982
9782902308358,Paper,Horror,Pteropus rufus,Kettie Gambles,1924/12/13,1946,1071
9781194491271,Paper,Horror,Taurotagus oryx,Mallissa Hasard,1928/05/02,2002,442
9788315990067,Paper,Horror,unavailable,Nellie Francescuccio,1998/06/14,1946,232
9787821560209,Paper,Horror,Sarcophilus harrisii,Zachery Rieger,1983/05/27,1968,1422
9787941865232,Paper,Horror,Anathana ellioti,Evvy Ciccottini,2008/02/21,2013,1098
9783584486918,Paper,Horror,Meles meles,Clemmie Pickrill,1963/09/15,1930,522
9781942368166,Paper,Horror,Phalacrocorax carbo,Abram Bims,1992/05/21,2008,306
9784018470735,Paper,Horror,Bison bison,Alessandro Simionato,1924/03/15,2007,1305
9785660635915,Paper,Horror,Bucephala clangula,Moise Thaim,1997/02/02,2016,322
9786059250208,Paper,Horror,Propithecus verreauxi,Marina Quincee,2005/04/07,1994,1153
9786074392575,Paper,Horror,Sciurus niger,Eden Satterthwaite,1934/04/22,1992,1130
9789664911545,Paper,Horror,Gopherus agassizii,Harmon Hotton,1930/08/12,1972,618
9780431316623,Paper,Horror,Manouria emys,Ikey Tappington,1946/11/25,1995,623
9787250459419,Paper,Horror,Ara ararauna,Christophe Reddihough,2001/06/29,2010,132
9783942010965,Paper,Horror,Anser caerulescens,Nicolai Hardes,2006/03/22,1950,785
9789174782837,Paper,Horror,Geochelone elephantopus,Sena Bromwich,1988/05/29,1958,940
9784443273459,Paper,Horror,Spilogale gracilis,Ardelia Pauncefort,1923/01/26,1967,1041
9780527607139,Paper,Horror,Trichoglossus haematodus moluccanus,Abbey Bowland,1940/03/10,1977,1261
9789852982265,Paper,Horror,Damaliscus dorcas,Martelle Sclater,2000/09/15,1930,426
9781300390090,Paper,Horror,Charadrius tricollaris,Dermot Paoletto,1952/01/12,1938,691
9783261845273,Paper,Horror,Ephippiorhynchus mycteria,Melly Pescod,1919/02/20,1978,1334
9783961368362,Paper,Horror,Cebus apella,Trixy Cushe,1992/09/16,2008,914
9786911773804,Paper,Horror,Alopex lagopus,Hillyer Offin,1976/03/22,1972,1315
9784869324153,Paper,Horror,Odocoileus hemionus,Loni Quartly,1954/09/27,1997,1455
9781071485364,Paper,Horror,Oxybelis fulgidus,Sascha Wehnerr,1966/10/20,1982,1099
9781085605446,Paper,Horror,Nucifraga columbiana,Brien Bartolomeu,1953/12/09,1952,353
9788067009154,Paper,Horror,Dasyurus maculatus,Dillon Small,2004/11/08,1964,1401
9781539306324,Paper,Horror,Toxostoma curvirostre,Gerhardine McTrustrie,1926/03/06,1972,903
9781938547223,Paper,Horror,unavailable,Hugues Haseldine,2008/12/31,2015,859
9789516525200,Paper,Horror,Aepyceros mylampus,Adella McDermot,2000/10/17,1933,813
9782616249912,Paper,Horror,Aonyx cinerea,Tish Whaymand,1958/04/15,1986,277
9783564675692,Paper,Horror,Zalophus californicus,Wilbur Garlette,1922/11/05,1989,523
9789785509408,Paper,Horror,Varanus sp.,Brigg Pople,1969/11/04,1985,342
9781986646062,Paper,Horror,Pycnonotus nigricans,Fay Licciardello,1967/02/10,1954,760
9784824068808,Paper,Horror,Cervus canadensis,Ariella Seeger,1936/08/06,1959,924
9786317466686,Paper,Horror,Nasua narica,Brodie McShane,1950/02/21,1945,122
9783916011752,Paper,Horror,Ephippiorhynchus mycteria,Norris Yellowlee,1955/02/24,1938,1466
9780238969690,Paper,Horror,Marmota flaviventris,Osmund Plaice,2005/06/11,1985,650
9788798484104,Paper,Horror,Nucifraga columbiana,Aldwin Rosenstiel,1943/10/22,2008,225
9786510887402,Paper,Horror,Actophilornis africanus,Eberhard Gettone,1937/09/15,1999,39
9783537952115,Paper,Horror,Tachybaptus ruficollis,Raven Osgar,1996/01/11,1992,529
9782866416607,Paper,Horror,unavailable,Ephrem Cordier,1936/04/23,1953,885
9782785509477,Paper,Horror,Macropus rufus,Dynah Chalcot,2006/08/02,1960,681
9785253210718,Paper,Horror,Corvus albus,Dinny Bevir,1997/04/15,1946,1471
9780073476626,Paper,Horror,Uraeginthus bengalus,Marian Doucette,1970/09/03,1951,21
9786299756728,Paper,Horror,Papio ursinus,Fanni Jesteco,1991/03/09,1960,371
9784803061094,Paper,Horror,Tragelaphus scriptus,Mariel Rathmell,1972/08/02,2009,793
9789575114091,Paper,Horror,Cebus apella,Alica Murch,1945/07/17,1962,1163
9784191840821,Paper,Horror,Castor fiber,Gav Rigardeau,1978/03/03,1973,697
9785712753397,Paper,Horror,Eolophus roseicapillus,Tiphany Shemelt,1962/08/22,1957,397
9786680381552,Paper,Horror,Francolinus leucoscepus,Elana Sharville,1950/08/20,1953,929
9789418088355,Paper,Horror,Alopex lagopus,Ki Beri,1979/07/10,1931,330
9784417248379,Paper,Horror,Haliaeetus leucoryphus,Gabbi Janway,1945/03/22,1975,1137
9781169585184,Paper,Horror,Morelia spilotes variegata,Rickert Ellerman,1967/08/06,1996,1241
9781831985678,Paper,Horror,Chlidonias leucopterus,Kellen Swanne,1969/07/18,1963,987
9789282213658,Paper,Horror,Priodontes maximus,Beth Magill,1933/10/22,1965,962
9788521376513,Paper,Horror,Xerus sp.,Ulrika Stride,1949/01/25,2002,86
9784548985927,Paper,Horror,Pelecanus occidentalis,Mildred Yosifov,1996/07/06,1961,245
9788280356264,Paper,Horror,Catharacta skua,Nannette McShane,1929/10/23,1997,1048
9782209969502,Paper,Horror,Cervus canadensis,Kendra Covell,1993/03/11,1980,4
9783013890365,Paper,Horror,Anas punctata,Garner Kelcher,1978/06/27,1941,1340
9788043502241,Paper,Horror,Axis axis,Goldarina Maker,1959/03/06,2009,863
9789127254183,Paper,Horror,Dasypus novemcinctus,Adella Blunden,1961/10/14,1962,635
9783195321952,Paper,Horror,Sitta canadensis,Siana Jarred,1971/12/18,2004,1031
9789848883787,Paper,Horror,Cordylus giganteus,Ruby Jeffree,1980/09/10,1937,1271
9780361793985,Paper,Horror,Creagrus furcatus,Adey Nodes,1999/08/14,1970,1399
9784204957872,Paper,Horror,Uraeginthus angolensis,Ross Lehrahan,1986/06/09,1929,1438
9782120900351,Paper,Horror,Paroaria gularis,Merralee McClean,1945/01/13,1981,1248
9787476862858,Paper,Horror,Varanus salvator,Tim Kiraly,1947/03/16,1979,728
9787174247742,Paper,Horror,Phascogale calura,Charline Sharphouse,1933/05/10,1943,941
9788902389188,Paper,Horror,Felis caracal,Ware Veck,1939/12/20,1954,1094
9786396606899,Paper,Horror,Francolinus swainsonii,Findlay MacCartan,1988/03/31,1937,1311
9785603537413,Paper,Horror,Colobus guerza,Aubert Ivers,1925/09/26,1957,1347
9787572845430,Paper,Horror,Varanus sp.,Cherilyn Frenchum,1944/06/02,1968,1244
9780814260402,Paper,Horror,Dacelo novaeguineae,Breanne St. John,1936/01/02,1928,440
9782891528576,Paper,Horror,Himantopus himantopus,Tanny Gowar,1957/12/19,2004,1179
9787750115513,Paper,Horror,unavailable,Betti Qualtro,2010/04/08,1948,713
9787891677728,Paper,Horror,Gazella granti,Benedicto Kenwright,1953/09/12,1926,864
9786470133590,Paper,Horror,Anas bahamensis,Helsa Elger,1932/04/19,1992,468
9785407039576,Paper,Horror,Seiurus aurocapillus,Gaby Wrighton,1946/07/31,1942,589
9787397601666,Paper,Horror,Spermophilus tridecemlineatus,Oralle Hlavecek,1956/07/16,1938,410
9785112116873,Paper,Horror,Macaca mulatta,Hy Gooble,1954/03/21,1934,989
9788419631660,Paper,Horror,Milvago chimachima,Bryon Penson,1978/10/25,1979,1454
9784971948954,Paper,Horror,Pitangus sulphuratus,Averil O'Hegertie,1973/09/22,1940,16
9784635508744,Paper,Horror,Scolopax minor,Darbee Persey,1917/08/17,2000,853
9785572599109,Paper,Horror,Uraeginthus bengalus,Liuka Pohling,2008/05/10,1934,602
9781764571116,Paper,Horror,Phoenicopterus chilensis,Ralf Wastling,2007/01/09,1928,688
9786216589450,Paper,Horror,Phoenicopterus chilensis,Barry Althorp,1942/02/01,1940,1224
9787013017662,Paper,Horror,Bugeranus caruncalatus,Duff Collington,1946/11/21,1991,1481
9782349448393,Paper,Horror,Naja nivea,Rosamond Berwick,1985/06/03,1952,620
9781160723814,Paper,Horror,Globicephala melas,Skippy Giddings,1957/10/16,1976,201
9782387866199,Paper,Horror,Bubulcus ibis,Inigo Abbotson,1986/01/05,1964,55
9783716732834,Paper,Horror,Ratufa indica,Delia Gounin,1928/06/06,1942,887
9785378228415,Paper,Horror,Alopex lagopus,Chalmers Oventon,1932/05/31,2010,695
9787883174632,Paper,Horror,Phalaropus fulicarius,Lorne Jull,1964/05/25,1957,464
9786461481221,Paper,Horror,unavailable,Natalya Conman,1971/11/20,1970,724
9789559195095,Paper,Horror,Phoenicopterus ruber,Thadeus Juris,1958/07/31,1996,388
9787876599486,Paper,Horror,Psophia viridis,Jonathan Freeburn,1928/02/15,1967,391
9787240679813,Paper,Horror,Casmerodius albus,Royce Chivers,1988/11/05,1929,1224
9780782701958,Paper,Horror,Hystrix cristata,Arlan Hardie,1930/07/07,2004,578
9780844962737,Paper,Horror,Felis chaus,Dori Shatliff,1997/10/01,1998,227
9783895418349,Paper,Horror,Plectopterus gambensis,Misha Laslett,1981/10/17,2016,460
9783607258574,Paper,Horror,Globicephala melas,Lucretia Gordon-Giles,1937/06/29,1995,787
9789490166335,Paper,Horror,Sarkidornis melanotos,Aggie Ramshay,2006/08/22,1954,863
9782506845460,Paper,Horror,Tachyglossus aculeatus,Bruno Menel,1950/11/28,2012,326
9785227530374,Paper,Horror,Tamiasciurus hudsonicus,Gwenny Petasch,1920/01/03,1938,507
9786977040800,Paper,Horror,Tiliqua scincoides,Adam Astlet,1925/11/13,1957,298
9785027144417,Paper,Horror,Funambulus pennati,Anders MacGebenay,1941/08/15,2000,1210
9783546342359,Paper,Horror,Macropus agilis,Miles Gretham,1996/09/28,1932,922
9786193598963,Paper,Horror,Lamprotornis superbus,Donal Breadmore,1928/01/30,1939,828
9785327252121,Paper,Horror,Bucephala clangula,Hastings Hearley,1992/03/12,1938,387
9784549195778,Paper,Horror,Anastomus oscitans,Maye McPhilemy,2003/06/06,2008,954
9780500973478,Paper,Horror,Morelia spilotes variegata,Gilemette Schwand,1988/02/26,1960,872
9781698366392,Paper,Horror,Oryx gazella,Mohandis Womersley,1933/12/20,2018,123
9785303036819,Paper,Horror,Cracticus nigroagularis,Daune Hachette,1918/04/14,1934,947
9781173568425,Paper,Horror,Spheniscus magellanicus,Galina Fearnall,1946/09/19,2018,1306
9789066220639,Paper,Horror,Otaria flavescens,Abbot Enden,1997/07/16,2008,354
9789916702837,Paper,Horror,Thylogale stigmatica,Allx McIlhatton,1937/08/06,2003,506
9782221985541,Paper,Horror,Philetairus socius,Kaitlyn Lartice,1928/01/10,1933,945
9785557819937,Paper,Horror,Neotis denhami,Raimondo Clarae,1993/12/08,1971,209
9784704970643,Paper,Horror,Bettongia penicillata,Odelinda Prevett,1991/12/29,2007,883
9782885356442,Paper,Horror,Eurocephalus anguitimens,Dolorita Copo,1929/10/27,1993,906
9784815221354,Paper,Horror,Sarkidornis melanotos,Shannah Graeser,1968/10/25,1960,363
9786500864361,Paper,Horror,Ursus arctos,Nathaniel Chung,1994/06/10,2004,672
9783865451652,Paper,Horror,Cordylus giganteus,Wandie Tomaszynski,1960/02/02,1960,512
9783433465804,Paper,Horror,Tamandua tetradactyla,Beverly Grigorian,1960/03/02,1971,252
9787133825245,Paper,Horror,Coluber constrictor foxii,Juieta Darby,1984/01/25,1976,385
9789078886896,Paper,Horror,Dasyurus maculatus,Patrice Shemmin,1935/10/08,1976,1094
9785573524453,Paper,Horror,Chlamydosaurus kingii,Tabitha Ruddlesden,1938/03/11,2002,530
9782030523793,Paper,Horror,Nyctanassa violacea,Hakim Binnell,2000/12/30,1968,1255
9780647167870,Paper,Horror,Madoqua kirkii,Martyn Jewise,1946/04/29,2006,438
9788258824589,Paper,Horror,Francolinus leucoscepus,Car Nornasell,1924/01/30,1941,1026
9780998635712,Paper,Horror,Theropithecus gelada,Neils Meenan,1978/04/15,1989,1394
9789735830695,Paper,Horror,Ephippiorhynchus mycteria,Dori Evill,1981/01/08,1947,152
9788439778753,Paper,Horror,Dasypus septemcincus,Portia Dudding,1925/03/24,1992,903
9788087565833,Paper,Horror,Pycnonotus nigricans,Kamillah Surpliss,1929/12/26,2016,872
9784286118094,Paper,Horror,Colaptes campestroides,Vinny Bliben,1989/10/31,1998,1201
9785271114172,Paper,Horror,Lorythaixoides concolor,Deane Blaver,2000/04/15,1979,225
9784270021635,Paper,Horror,Corvus albus,Perri Fane,1994/06/21,2002,1472
9782174728997,Paper,Horror,Uraeginthus granatina,Morgan Mallinson,2011/01/03,1968,1326
9788125812718,Paper,Horror,Charadrius tricollaris,Jade Bartles,2003/11/01,1983,660
9785544973414,Paper,Horror,Cereopsis novaehollandiae,Cacilie Shout,2010/06/21,1987,626
9785168474855,Paper,Horror,Geococcyx californianus,Adrian Boggas,1953/10/04,1925,191
9789918885473,Paper,Horror,Tachybaptus ruficollis,Alene Caress,1980/07/31,1934,212
9784729028197,Paper,Horror,Bettongia penicillata,Ibrahim Lucus,1969/04/09,1996,1315
9787785786262,Paper,Horror,Geochelone elephantopus,Charyl Valti,1956/08/06,1936,421
9784397175999,Paper,Horror,Thalasseus maximus,Erica Dericot,2009/10/16,2005,65
9782180069219,Paper,Horror,Phascogale calura,Kristien Lesslie,2009/02/02,2004,927
9780022923290,Paper,Horror,Francolinus coqui,Yolanthe Brack,1994/01/16,2007,532
9783170967126,Paper,Horror,Corythornis cristata,Tabina Goligly,1986/05/28,1926,922
9782460330135,Paper,Horror,Scolopax minor,Alene Sertin,1967/01/09,1982,187
9786943502365,Paper,Horror,Pan troglodytes,Stephannie Darte,1944/02/14,1933,419
9780894552202,Paper,Horror,Eudromia elegans,Goddard Bindon,1981/04/27,1942,847
9785527292861,Paper,Horror,Mungos mungo,Dru Whaites,1962/01/06,1929,226
9780208010591,Paper,Horror,Callipepla gambelii,Iorgos McCuis,1961/07/11,1986,1090
9781400140084,Paper,Horror,Redunca redunca,Wilt Cruddace,1921/05/22,1941,1387
9785007760437,Paper,Horror,Ovis ammon,Raymund Lisimore,1988/08/28,1998,1408
9788630355688,Paper,Horror,Ciconia ciconia,Janaye Gellett,1933/05/09,1934,55
9789007075143,Paper,Horror,Larus fuliginosus,Junina Kerby,1933/03/22,1942,453
9787934894273,Paper,Horror,Herpestes javanicus,Griffith Teece,2010/05/21,1976,1419
9784714833717,Paper,Horror,Cercatetus concinnus,Adan Knapp,1979/02/10,1999,1216
9780848638940,Paper,Horror,Francolinus coqui,Katharyn Happel,1948/12/04,1971,22
9786006272031,Paper,Horror,Dasypus novemcinctus,Tibold Alliot,2008/10/05,1944,1048
9788143209858,Paper,Horror,Sus scrofa,Lucina Dearl,1974/09/10,1987,1077
9785532245994,Paper,Horror,Ovibos moschatus,Arnold Northridge,1929/12/14,1942,1358
9781278778765,Paper,Horror,Junonia genoveua,Evie Tideswell,1920/01/01,1993,531
9788371729913,Paper,Horror,Ninox superciliaris,Judy Caps,1984/10/05,1959,846
9784666263944,Paper,Horror,Fulica cristata,Viole Hulatt,1950/04/20,1991,1
9786587181362,Paper,Horror,Dasyurus maculatus,Joline Coggins,1945/12/06,1937,786
9785923048948,Paper,Horror,Pterocles gutturalis,Vivianna Lippo,1920/10/20,1943,723
9787795831433,Paper,Horror,Mazama gouazoubira,Nicolas Local,1949/02/23,1941,1286
9783274436201,Paper,Horror,Estrilda erythronotos,Ashley Fullwood,1942/09/09,1933,1434
9787606195257,Paper,Horror,Plocepasser mahali,Stephannie Larraway,1967/08/20,1956,394
9786065048736,Paper,Horror,unavailable,Dominique Hellens,1998/01/24,1937,103
9787518897284,Paper,Horror,Pteropus rufus,Chucho Goldsmith,1990/08/10,1928,1184
9782878640682,Paper,Horror,Kobus leche robertsi,Aileen Landell,1921/10/13,2015,1225
9788573266423,Paper,Horror,Phalacrocorax brasilianus,Eudora Avrahamian,1968/01/05,1981,274
9780995514570,Paper,Horror,Spheniscus mendiculus,Barnabe Figurski,1974/11/30,1967,418
9785854691354,Paper,Horror,Eudyptula minor,Andrey Noirel,1951/12/05,1988,957
9784997951715,Paper,Horror,Felis wiedi or Leopardus weidi,Khalil McCaskill,1928/05/24,1947,982
9781229346793,Paper,Horror,Chauna torquata,Perle Mc-Kerley,2010/05/13,2006,1223
9781455399317,Paper,Horror,Cercatetus concinnus,Loralyn Laws,1977/10/26,1996,216
9783150141878,Paper,Horror,Uraeginthus granatina,Keven Clericoates,1953/11/04,1938,673
9789801643690,Paper,Horror,Deroptyus accipitrinus,Boyce Alf,1949/09/21,1962,240
9783061182315,Paper,Horror,Haliaetus leucogaster,Cammi Mitkcov,1975/12/18,1938,565
9784896442274,Paper,Horror,Ara chloroptera,Bree Merrington,1953/01/28,1971,253
9786749478082,Paper,Horror,Philetairus socius,Charlotte Wooffitt,1995/01/23,1937,1394
9785042641210,Paper,Horror,Castor fiber,Christa Trevaskis,1955/05/08,1980,452
9788739189400,Paper,Horror,Geococcyx californianus,Portia Dumberrill,1923/05/06,1949,1082
9789946040635,Paper,Horror,Lorythaixoides concolor,Rupert Matten,1922/03/09,1927,619
9781194057488,Paper,Horror,Helogale undulata,Lacee Plaster,1994/08/04,1996,1090
9781579803568,Paper,Horror,Actophilornis africanus,Iago Mc Giffin,1951/08/28,1992,1231
9785078069751,Paper,Horror,Phalacrocorax albiventer,Bartel Kohneke,1938/03/06,1964,945
9788959645664,Paper,Horror,Connochaetus taurinus,Saidee Fricker,1942/05/26,2012,147
9789161085243,Paper,Horror,Uraeginthus granatina,Aidan Staines,1936/11/04,1929,1327
9785285372256,Paper,Horror,Trichosurus vulpecula,Bogey Braidon,1932/10/28,1956,1304
9780616994011,Paper,Horror,Ara ararauna,Allyn Colston,2004/12/10,1954,1129
9780289321433,Paper,Horror,Cracticus nigroagularis,Ruthi Boagey,1947/10/19,1981,963
9782031224898,Paper,Horror,Tringa glareola,Pennie Welch,1954/01/11,2003,710
9784953997994,Paper,Horror,Limosa haemastica,Thom Angric,1975/03/21,1960,1165
9789694472397,Paper,Horror,Myiarchus tuberculifer,Teddy Santen,1918/09/24,1995,666
9785399570392,Paper,Horror,Macropus eugenii,Rosaline O'Spellissey,1945/02/12,1995,15
9787803573303,Paper,Horror,Tockus erythrorhyncus,Ryun Duplock,1991/10/29,1994,1008
9787371687216,Paper,Horror,unavailable,Kellsie Mersey,2001/09/11,2008,199
9782389811332,Paper,Horror,Ovis ammon,Pieter Cowpland,1971/03/13,1994,255
9789896286578,Paper,Horror,Anas punctata,Odie Peppin,1937/09/07,1996,931
9788902793653,Paper,Horror,Phalacrocorax carbo,Kennith Wankel,1990/04/29,1977,147
9784878948664,Paper,Horror,Crotalus triseriatus,Orville Lafoy,1986/04/06,1959,241
9788274565128,Paper,Horror,Bugeranus caruncalatus,Donica Gravie,1992/02/01,1930,77
9784685180512,Paper,Horror,Aonyx capensis,Barron Medlen,1986/11/09,1971,195
9787380986303,Paper,Horror,Epicrates cenchria maurus,Helyn Shipston,1933/04/08,1981,900
9789426032490,Paper,Horror,Parus atricapillus,Birk Annott,1948/03/03,1963,602
9789584241806,Paper,Horror,Chauna torquata,Linea Coxon,1961/05/15,1960,709
9784392081993,Paper,Horror,Trichosurus vulpecula,Tucker Romaines,1951/06/23,1973,1290
9781285474897,Paper,Horror,Helogale undulata,Felicia Meneely,1989/03/28,1928,28
9781722375970,Paper,Horror,Bubulcus ibis,Zarah Scard,1966/11/23,1927,174
9787435076914,Paper,Horror,Chlidonias leucopterus,Sal Pitkin,1947/05/27,2009,899
9787610052686,Paper,Horror,Spermophilus tridecemlineatus,Meris Lorenzini,2010/08/09,1933,174
9784635794787,Paper,Horror,Fulica cristata,Genovera Mila,1949/10/10,1969,498
9784279311990,Paper,Horror,Columba livia,Sal Haruard,1921/05/29,2001,668
9780233092101,Paper,Horror,Butorides striatus,Sybille Lindstedt,1953/08/19,1953,1028
9780599146121,Paper,Horror,Isoodon obesulus,Corly Brims,1923/12/26,1933,1370
9786356846588,Paper,Horror,Naja nivea,Bess Johananoff,1984/01/29,1970,912
9781816887540,Paper,Horror,Eudyptula minor,Paulie Geffcock,2005/10/08,2017,651
9783554411914,Paper,Horror,Uraeginthus angolensis,Nat Britt,1983/08/14,2013,420
9788037772419,Paper,Horror,Arctogalidia trivirgata,Audre Wilkowski,1946/08/19,1989,127
9785878452033,Paper,Horror,Crotalus adamanteus,Jerry Mughal,2008/12/20,1957,98
9783362323296,Paper,Horror,Odocoilenaus virginianus,Cart Oswell,1986/11/30,1976,1231
9780947291871,Paper,Horror,Larus novaehollandiae,Jean Paylor,2004/06/20,1931,1412
9789321750856,Paper,Horror,Vombatus ursinus,Cherrita Dudbridge,1937/11/10,1954,655
9780096913103,Paper,Horror,Felis libyca,Dasya Shelly,1995/07/26,1978,352
9785239930830,Paper,Horror,Diceros bicornis,Issi Rainbird,1953/02/02,2012,521
9785558382750,Paper,Horror,Turtur chalcospilos,Winny Carman,1998/10/24,1965,211
9780928127927,Paper,Horror,Ceryle rudis,Sabina Skinn,2005/08/15,1926,531
9781539846537,Paper,Horror,Myotis lucifugus,Lena Boatright,2002/01/23,1995,565
9780411243165,Paper,Horror,Helogale undulata,Jedd Rawlyns,1962/07/17,1928,1281
9783789359392,Paper,Horror,Eira barbata,Zachary Huxtable,1945/08/14,1999,1039
9786746664412,Paper,Horror,Galictis vittata,Pearla Melton,1956/02/25,1975,979
9783173993819,Paper,Horror,Marmota monax,Gareth Paice,1989/10/04,2013,1375
9780814676554,Paper,Horror,Tapirus terrestris,Dalston Cleveland,1933/03/26,1965,1333
9784558877838,Paper,Horror,Marmota flaviventris,Chrissie Dossettor,1942/02/26,1927,400
