9785307892479,Audio,Horror,Equus burchelli,Wallie McCallister,30-08-17,1216,685
9780060394823,Audio,Horror,Paradoxurus hermaphroditus,Jackie Whyatt,19-11-17,1285,1356
9789713443677,Audio,Horror,Halcyon smyrnesis,Brenden Loache,24-05-17,1984,41
9788136054551,Audio,Horror,Semnopithecus entellus,Ezmeralda Moran,10-03-18,1956,115
9781394563736,Audio,Horror,Spermophilus lateralis,Julie Tomet,10-08-17,1898,60
9786516228007,Audio,Horror,Phalacrocorax niger,Hector Hillam,15-08-17,1060,612
9783328714157,Audio,Horror,Cervus duvauceli,Filmer Bastock,13-04-17,1657,447
9784192143409,Audio,Horror,Canis aureus,Dot Tamburo,03-08-17,1956,614
9788682839862,Audio,Horror,Bucorvus leadbeateri,Karena Fuke,13-07-17,1269,1062
9781635014854,Audio,Horror,Gyps bengalensis,Eudora Cotter,23-09-17,1385,1309
9782509612247,Audio,Horror,Falco mexicanus,Erika Westcarr,26-03-18,1355,458
9781905051887,Audio,Horror,Martes americana,Andie Morad,03-07-17,1284,147
9785840410685,Audio,Horror,Alopex lagopus,Nicolais Cherrie,12-10-17,1377,637
9788822895511,Audio,Horror,Plectopterus gambensis,Tamas Furmagier,11-08-17,1796,1472
9784831653632,Audio,Horror,Ploceus intermedius,Jaquelin Thams,26-10-17,1770,1293
9784588636831,Audio,Horror,Felis concolor,De witt Doyland,06-09-17,1310,88
9784294852227,Audio,Horror,Halcyon smyrnesis,Eustace McKenzie,30-06-17,1237,1028
9782216472665,Audio,Horror,Thalasseus maximus,Caroljean Fleming,12-06-17,1332,599
9785988052876,Audio,Horror,Haliaeetus leucocephalus,Walliw Benjefield,14-11-17,1880,291
9787954856472,Audio,Horror,Nyctereutes procyonoides,Marcello McCoole,23-02-18,1755,1467
9786538521383,Audio,Horror,Erinaceus frontalis,Ariel Barnwille,16-09-17,1854,24
9781274045242,Audio,Horror,Bos taurus,Rustie Bleibaum,30-05-17,1483,694
9784139897500,Audio,Horror,Vulpes vulpes,Burke Kewzick,25-04-17,1519,130
9782146207327,Audio,Horror,Phoenicopterus ruber,Katina Oxenford,26-02-18,1643,480
9786093801729,Audio,Horror,Cordylus giganteus,Cecilia Wyley,01-05-17,1167,883
9783840942736,Audio,Horror,Crotalus adamanteus,Land Leftridge,30-08-17,1858,1176
9780459337882,Audio,Horror,unavailable,Drucy Charles,03-04-17,1800,643
9786580334957,Audio,Horror,Eumetopias jubatus,Audre De Few,04-06-17,1506,217
9783819570889,Audio,Horror,Eutamias minimus,Blake McLelland,09-01-18,1990,207
9780752451207,Audio,Horror,Tockus erythrorhyncus,Shelby Clemon,08-12-17,1716,1121
9786731706691,Audio,Horror,Felis concolor,Tab Cleall,05-03-18,1418,615
9784143262851,Audio,Horror,Pteropus rufus,Mureil Doghartie,13-12-17,1151,628
9780338376239,Audio,Horror,Tapirus terrestris,Bartlett Jowle,12-11-17,1614,1110
9784285219916,Audio,Horror,Certotrichas paena,Ernestine Handke,23-05-17,1063,363
9789110462186,Audio,Horror,Oxybelis sp.,Forrester Smogur,04-10-17,1494,364
9780795184277,Audio,Horror,Boa constrictor mexicana,Uriah Goter,07-07-17,1067,93
9787256478096,Audio,Horror,Ephippiorhynchus mycteria,Arly MacGille,16-10-17,1898,1132
9785067551087,Audio,Horror,Cynictis penicillata,Robina Lasslett,12-09-17,1780,980
9784949778795,Audio,Horror,Panthera onca,Violet Estick,15-01-18,1059,363
9780885466060,Audio,Horror,Dasyurus maculatus,Kienan Ellsworthe,02-05-17,1090,765
9782492239031,Audio,Horror,Haliaeetus leucocephalus,Mort Sheekey,02-06-17,1585,1281
9789301356914,Audio,Horror,Francolinus leucoscepus,Austine Canton,31-01-18,1147,1240
9783099266697,Audio,Horror,unavailable,Valida Jeaycock,16-08-17,1328,84
9789245039104,Audio,Horror,Erinaceus frontalis,Cesare Ortet,18-09-17,1571,151
9784055960890,Audio,Horror,Aonyx cinerea,Milt Kornacki,12-04-17,1460,1134
9784880813033,Audio,Horror,Dusicyon thous,Nesta Covill,02-08-17,1903,105
9788855209703,Audio,Horror,Macropus parryi,Ragnar Desorts,09-07-17,1906,274
9789014960494,Audio,Horror,Macropus robustus,Elsey Sussems,09-12-17,1818,43
9788855447804,Audio,Horror,Cervus duvauceli,Candy Floch,31-07-17,1099,451
9788987274190,Audio,Horror,Parus atricapillus,Eduard Heugel,14-04-17,1487,1014
9784596100803,Audio,Horror,Tamiasciurus hudsonicus,Vernon Rydeard,04-03-18,1111,1104
9788364590569,Audio,Horror,Phalacrocorax brasilianus,Galven Janny,03-10-17,1968,880
9784334196015,Audio,Horror,Eumetopias jubatus,Willetta Lorkings,21-05-17,1700,620
9780960853565,Audio,Horror,Egretta thula,Leonanie Gecke,18-12-17,1250,1251
9783871649919,Audio,Horror,Lasiodora parahybana,Rhodie Marton,02-07-17,1809,1027
9789217448891,Audio,Horror,Trichosurus vulpecula,Norby Dybell,05-03-18,1717,736
9781466698967,Audio,Horror,Francolinus coqui,Willetta MacDonald,27-12-17,1520,1477
9784440035047,Audio,Horror,unavailable,Zollie Kernar,04-05-17,1291,818
9785579963291,Audio,Horror,Trichoglossus chlorolepidotus,Grier Seleway,06-10-17,1179,499
9786338206500,Audio,Horror,Zenaida galapagoensis,Maudie Mallaby,14-12-17,1858,211
9789328639206,Audio,Horror,Genetta genetta,Elia Muzzlewhite,29-08-17,1723,1304
9789679256809,Audio,Horror,Cordylus giganteus,Foster Schole,28-09-17,1368,37
9785450149280,Audio,Horror,Antilocapra americana,Fredericka Webben,24-09-17,1955,341
9787025307969,Audio,Horror,Globicephala melas,Ofilia Harcombe,29-01-18,1898,996
9787509462335,Audio,Horror,Dromaeus novaehollandiae,Dede Pugsley,11-09-17,1772,158
9789158383400,Audio,Horror,Cercatetus concinnus,Wallache Matyasik,10-07-17,1181,1133
9785943117303,Audio,Horror,Cordylus giganteus,Dwight Barca,19-11-17,1278,1133
9780207960333,Audio,Horror,Anser anser,Petronella Noon,06-02-18,1094,277
9785268542800,Audio,Horror,Potos flavus,Layla Herity,02-01-18,1253,121
9783805696208,Audio,Horror,Diomedea irrorata,Rockwell Babbage,06-12-17,1129,742
9782281623664,Audio,Horror,Mazama gouazoubira,Brad Elnough,15-01-18,1970,524
9785689089287,Audio,Horror,Ovis orientalis,Roslyn Sprague,21-02-18,1237,1123
9786588831885,Audio,Horror,Spizaetus coronatus,Basil Baird,13-04-17,1975,581
9787722204036,Audio,Horror,Phoenicopterus ruber,Isidro Andrag,02-12-17,1444,276
9784285355405,Audio,Horror,Merops bullockoides,Cari Rama,12-02-18,1538,675
9780373314938,Audio,Horror,Alligator mississippiensis,Fianna Hadfield,07-02-18,1781,723
9781772612255,Audio,Horror,Varanus salvator,Giustina Brandolini,04-09-17,1042,284
9787447444437,Audio,Horror,Rhabdomys pumilio,Nye Bruff,10-06-17,1062,846
9787647876796,Audio,Horror,Macropus agilis,Marthena Stit,27-08-17,1934,198
9788588592654,Audio,Horror,Otaria flavescens,Terrye Clery,19-02-18,1644,115
9786192331799,Audio,Horror,Phascogale calura,Verge Veare,01-01-18,1598,959
9785563629869,Audio,Horror,Sarkidornis melanotos,Ernst Klesse,09-01-18,1367,655
9784291924720,Audio,Horror,Salvadora hexalepis,Newton Stanfield,27-08-17,1108,723
9784368652439,Audio,Horror,Theropithecus gelada,Edgard Duffett,30-12-17,1048,78
9783945372521,Audio,Horror,Proteles cristatus,Ninon Nealy,22-07-17,1623,634
9789376267948,Audio,Horror,Hystrix cristata,Lemmy Shorto,27-07-17,1295,1015
9783048323563,Audio,Horror,Cervus duvauceli,Shara Dunnett,08-05-17,1738,1074
9780442220918,Audio,Horror,Chelodina longicollis,Phillis Oxlee,10-11-17,1251,429
9789750397261,Audio,Horror,Cordylus giganteus,Derry Sutherby,04-03-18,1158,373
9784153855325,Audio,Horror,Aonyx capensis,Eulalie Snepp,03-09-17,1829,626
9788444189296,Audio,Horror,Eudyptula minor,Forest Hallgarth,30-10-17,1270,460
9788042991719,Audio,Horror,Bassariscus astutus,Gibby McRobert,21-10-17,1769,1474
9787464537336,Audio,Horror,Suricata suricatta,Lanette Cremer,05-05-17,1434,542
9781047279217,Audio,Horror,Cervus canadensis,Alvan Jorger,20-10-17,1222,325
9785863390701,Audio,Horror,Ceratotherium simum,Gae Ecob,08-12-17,1665,1201
9784398856153,Audio,Horror,Laniaurius atrococcineus,Madel Stanbro,20-06-17,1437,892
9783674953792,Audio,Horror,Estrilda erythronotos,Kippy Luigi,06-04-17,2006,1173
9783416585332,Audio,Horror,Callipepla gambelii,Carolan Smidmoor,26-11-17,1802,917
9789114600225,Audio,Horror,Canis lupus lycaon,Annadiane Boam,12-07-17,1175,955
9788021806379,Audio,Horror,Dasyurus maculatus,Vittorio Marmion,17-01-18,1746,793
9789632806757,Audio,Horror,Hydrochoerus hydrochaeris,Shurlocke Antonopoulos,30-09-17,1629,536
9782552474257,Audio,Horror,Hydrochoerus hydrochaeris,Philbert Lack,03-09-17,1495,633
9788319746976,Audio,Horror,Coluber constrictor foxii,Gerda Panting,25-07-17,1207,726
9789894567821,Audio,Horror,Aonyx cinerea,Kaia Burtwhistle,05-10-17,1578,1247
9783825872167,Audio,Horror,Geococcyx californianus,Bord Dear,09-05-17,1195,1179
9781639001985,Audio,Horror,Funambulus pennati,Abrahan Poate,30-04-17,1207,1233
9786613829322,Audio,Horror,Lasiorhinus latifrons,Liane Dunstan,06-12-17,1037,377
9789640991200,Audio,Horror,Cebus albifrons,Nance Corringham,30-06-17,1331,1393
9789666072005,Audio,Horror,Sauromalus obesus,Alyosha Gilbert,09-02-18,1606,427
9784503266583,Audio,Horror,Pelecans onocratalus,Hyatt Birtle,25-07-17,1607,1380
9784771438872,Audio,Horror,Lycaon pictus,Mommy Forsdyke,20-08-17,2017,334
9783139456831,Audio,Horror,Chlamydosaurus kingii,Gussie Heighway,13-06-17,1636,1152
9780094165787,Audio,Horror,Casmerodius albus,Dora Hughland,29-04-17,1043,55
9781746917275,Audio,Horror,Grus antigone,Alayne Southerton,06-11-17,1013,899
9781927832111,Audio,Horror,Aegypius tracheliotus,Bryna Gummie,28-03-17,1842,99
9785004018172,Audio,Horror,Paraxerus cepapi,Stace Dockray,14-05-17,1869,558
9783903804380,Audio,Horror,Dendrocitta vagabunda,Gerome McKea,11-01-18,1968,1053
9785470415879,Audio,Horror,Mycteria leucocephala,Teodora Van der Son,26-09-17,1301,1187
9780695673490,Audio,Horror,Colobus guerza,Tadd Marritt,24-07-17,1518,738
9783053760945,Audio,Horror,Sarcophilus harrisii,Adriane Eke,22-11-17,1047,677
9781100662087,Audio,Horror,Ursus americanus,Stanley Norsister,18-07-17,1109,1325
9787363583544,Audio,Horror,Nesomimus trifasciatus,Inglebert Kesterton,29-06-17,1777,66
9788403870912,Audio,Horror,Grus canadensis,Taryn Tolcharde,27-10-17,1335,1499
9783842156347,Audio,Horror,Agouti paca,Yehudit Gluyas,28-02-18,1918,99
9780801436728,Audio,Horror,Phasianus colchicus,Seana Knappen,25-07-17,1498,16
9781771354514,Audio,Horror,Uraeginthus angolensis,Jillana Ciciotti,01-06-17,1684,1377
9781276780313,Audio,Horror,Ninox superciliaris,Roselle Rathke,07-09-17,1139,1307
9783364401569,Audio,Horror,Uraeginthus granatina,Tome Tomasutti,23-01-18,1665,67
9787060189397,Audio,Horror,Sula nebouxii,Braden Izkovici,05-05-17,1819,618
9787490447134,Audio,Horror,Uraeginthus granatina,Kira Gruszka,24-08-17,1042,1185
9784152635976,Audio,Horror,Platalea leucordia,Mable Ortiga,20-01-18,1819,780
9780303964947,Audio,Horror,Bucephala clangula,Ferrell Lammerding,25-05-17,1382,1009
9784480178985,Audio,Horror,Ursus arctos,Nico Baxter,01-03-18,1345,1141
9787113188461,Audio,Horror,Haliaetus vocifer,Marigold Sharplin,21-10-17,1705,537
9784216175858,Audio,Horror,Nectarinia chalybea,Ingamar Hotson,07-02-18,1192,7
9782835585862,Audio,Horror,Haematopus ater,Terrill Hainey,03-05-17,1859,952
9787986208910,Audio,Horror,Paraxerus cepapi,Gabbie Alderman,28-03-17,1807,532
9789007124132,Audio,Horror,Speotyte cuniculata,Aldous Bohike,08-10-17,1675,1464
9785063763287,Audio,Horror,Recurvirostra avosetta,Liana Monan,27-06-17,1616,1456
9789346720075,Audio,Horror,Sylvicapra grimma,Shirline Hansberry,07-12-17,1853,618
9789864566719,Audio,Horror,Anser caerulescens,Cynde Axelbee,18-04-17,1802,461
9789980962013,Audio,Horror,Grus rubicundus,Aloise Jerdan,10-01-18,1326,399
9784549096644,Audio,Horror,Butorides striatus,Mandy Taw,08-10-17,1938,1241
9783393910108,Audio,Horror,Chlidonias leucopterus,Vernor Levey,03-03-18,1232,57
9788807627755,Audio,Horror,Uraeginthus angolensis,Milo Pennell,17-12-17,1596,146
9782418791040,Audio,Horror,Myrmecophaga tridactyla,Nicky Botting,12-01-18,1278,273
9784565672940,Audio,Horror,Trachyphonus vaillantii,Alexia Boarleyson,29-08-17,1715,1149
9785267592416,Audio,Horror,Kobus defassa,Niko Cleal,25-04-17,1937,1149
9788346772419,Audio,Horror,Galictis vittata,Katey Cowpe,06-07-17,1962,781
9784251272797,Audio,Horror,Conolophus subcristatus,Mackenzie Redholes,20-05-17,1890,871
9780717237150,Audio,Horror,Grus antigone,Alissa Aust,21-09-17,1620,103
9789210620668,Audio,Horror,Passer domesticus,Nicol Jozwiak,13-04-17,1249,1462
9785994957553,Audio,Horror,Cracticus nigroagularis,Lissa Reimer,21-10-17,1302,1237
9787945426737,Audio,Horror,Macaca mulatta,Robb Golde,14-09-17,1149,542
9788763112824,Audio,Horror,Panthera leo persica,Hartley Marcoolyn,09-05-17,1936,658
9780481352962,Audio,Horror,Lycosa godeffroyi,Malissia Cantillon,03-11-17,1820,1400
9788530634557,Audio,Horror,Ceratotherium simum,Ketty Coram,01-05-17,1442,299
9788097270941,Audio,Horror,unavailable,Rebecca Matlock,13-08-17,1665,1188
9783456739661,Audio,Horror,Chlidonias leucopterus,Jaquith Revington,28-02-18,1738,17
9789822112771,Audio,Horror,Lophoaetus occipitalis,Gusella Gair,27-10-17,1235,1137
9783883625543,Audio,Horror,Canis aureus,Mufi Van Dale,18-07-17,1193,1445
9780640689658,Audio,Horror,Macropus robustus,Nolana Howorth,19-10-17,1756,786
9782671514365,Audio,Horror,Macropus fuliginosus,Sharai Keitley,01-05-17,1342,553
9784589324858,Audio,Horror,Climacteris melanura,Fraser Laingmaid,25-03-18,1100,742
9780589525262,Audio,Horror,Columba palumbus,Roderic Pidgley,27-06-17,1357,1040
9788916080180,Audio,Horror,Grus rubicundus,Alister Bourtoumieux,24-08-17,1922,448
9786707310725,Audio,Horror,Vulpes vulpes,Dorothee Foynes,22-05-17,1671,924
9789379320507,Audio,Horror,Ephipplorhynchus senegalensis,Tore McCourt,12-12-17,1827,726
9781794680268,Audio,Horror,Raphicerus campestris,Bidget Mizzen,21-06-17,1567,460
9786070648829,Audio,Horror,Epicrates cenchria maurus,Giacomo McElrea,13-04-17,1300,190
9788889108238,Audio,Horror,Aepyceros mylampus,Melly Dyka,17-09-17,1522,782
9789391760610,Audio,Horror,Spermophilus richardsonii,Ericha Goldthorpe,23-01-18,1346,1026
9784143592212,Audio,Horror,Procyon lotor,Teri Cawkwell,30-11-17,1668,1330
9783017953790,Audio,Horror,Merops bullockoides,Izabel Mullen,23-10-17,1830,823
9781264793708,Audio,Horror,Phoenicopterus ruber,Heinrick Swinyard,19-04-17,1594,1349
9788683387323,Audio,Horror,Anser anser,Vernen Piggen,19-08-17,1335,601
9786851584513,Audio,Horror,Agelaius phoeniceus,Datha Langrish,11-09-17,1814,24
9785737184315,Audio,Horror,Chelodina longicollis,Zola Troy,05-10-17,1720,1402
9781188375893,Audio,Horror,unavailable,Shea Cowan,18-10-17,1832,1251
9780458218580,Audio,Horror,Butorides striatus,Gennifer Fenelow,21-10-17,1845,1135
9789131829185,Audio,Horror,Ictonyx striatus,Rossy Moyers,14-12-17,1058,279
9784918935033,Audio,Horror,Platalea leucordia,Rebeka Killingworth,04-01-18,1891,1072
9783894650316,Audio,Horror,Taxidea taxus,Van Cottam,11-10-17,1266,437
9789133919237,Audio,Horror,Ara macao,Harmon Weldrick,21-02-18,1421,438
9788409687468,Audio,Horror,Buteo regalis,Brennan Sarath,21-03-18,1547,1031
9789311244015,Audio,Horror,Acrobates pygmaeus,Elane Rusbridge,15-06-17,1660,1139
9786186858685,Audio,Horror,Grus rubicundus,Brandais Honywill,11-05-17,1066,788
9781728894649,Audio,Horror,Alouatta seniculus,Galen Coalbran,28-12-17,1435,661
9782959192501,Audio,Horror,Ardea cinerea,Brenda Meadows,30-11-17,1133,414
9789445436222,Audio,Horror,Nasua narica,Burlie Jenkin,25-10-17,1693,809
9785011455959,Audio,Horror,Oreamnos americanus,Ginger Sherlaw,25-12-17,1431,1413
9789647800549,Audio,Horror,Pan troglodytes,Karee Ashman,14-03-18,1532,345
9785191805018,Audio,Horror,Connochaetus taurinus,Huntley Thome,07-09-17,1889,450
9789454645489,Audio,Horror,Ploceus intermedius,Rivkah Kendle,17-04-17,1285,301
9782996077284,Audio,Horror,Macropus robustus,Albina Cargo,08-06-17,1229,620
9781728647681,Audio,Horror,unavailable,Juline Whiskerd,26-04-17,1033,1035
9787031876969,Audio,Horror,Nyctanassa violacea,Wat Taile,07-02-18,1800,1207
9783036048167,Audio,Horror,Physignathus cocincinus,Warner Kindall,08-10-17,1194,897
9783595674778,Audio,Horror,Bugeranus caruncalatus,Lorant Wallworke,03-04-17,1832,697
9787501181227,Audio,Horror,Manouria emys,Ludvig Beddow,03-09-17,1913,569
9788142411322,Audio,Horror,Lycosa godeffroyi,Annabela Groll,01-08-17,1128,901
9787956050201,Audio,Horror,unavailable,Aurlie Ganforth,19-09-17,1069,182
9787599851745,Audio,Horror,Ardea golieth,Pia Maginn,31-08-17,1060,1077
9783434530002,Audio,Horror,Certotrichas paena,Jaymie Matthieson,19-12-17,1251,923
9787360026992,Audio,Horror,Halcyon smyrnesis,Daniele Simes,06-03-18,1078,961
9788676323101,Audio,Horror,Castor canadensis,Yorgos Wiszniewski,31-10-17,1255,113
9787383212083,Audio,Horror,Suricata suricatta,Yorke Alflatt,07-09-17,1990,1178
9786715572570,Audio,Horror,Ciconia episcopus,Vilma Cowland,19-06-17,1019,168
9784214115355,Audio,Horror,Antidorcas marsupialis,Gayleen Picheford,04-11-17,1684,970
9784872259298,Audio,Horror,Phascolarctos cinereus,Moises Rashleigh,02-03-18,1393,1445
9787102469614,Audio,Horror,Anastomus oscitans,Pauline Cockett,11-02-18,1173,535
9787677959063,Audio,Horror,Cervus duvauceli,Jessalin Mityushkin,12-02-18,1901,1101
9787911564744,Audio,Horror,Gyps bengalensis,Rakel Burness,25-09-17,1585,135
9782113069146,Audio,Horror,Lemur fulvus,Bambie Culcheth,03-09-17,1766,1433
9787595362538,Audio,Horror,Conolophus subcristatus,Lani Napton,31-08-17,1813,753
9780374157284,Audio,Horror,Felis wiedi or Leopardus weidi,Cassy Stillgoe,01-02-18,1289,321
9782119851746,Audio,Horror,Cereopsis novaehollandiae,Estele Enterle,13-06-17,1872,232
9788556425658,Audio,Horror,Papio cynocephalus,Mercie Ambrogiotti,21-09-17,1815,1371
9788622049826,Audio,Horror,Potorous tridactylus,Carol Ramsay,15-10-17,1766,79
9788908003491,Audio,Horror,Turtur chalcospilos,Roxine Boden,28-12-17,1838,1190
9780727263511,Audio,Horror,Physignathus cocincinus,Hagen Litchmore,20-07-17,1553,665
9787557132477,Audio,Horror,Priodontes maximus,Ferguson Orht,10-07-17,1967,1387
9781488715077,Audio,Horror,Otaria flavescens,Lionel Balderstone,08-07-17,1150,332
9784222725183,Audio,Horror,Cathartes aura,Marika Phelipeau,30-12-17,1118,237
9786895713989,Audio,Horror,Notechis semmiannulatus,Joanie Longstreeth,31-12-17,1411,143
9787516664145,Audio,Horror,Sus scrofa,Bernhard Tincknell,17-04-17,1388,846
9789381276600,Audio,Horror,Lepus arcticus,Orlan Bartelet,21-06-17,1522,665
9788602403854,Audio,Horror,Gazella thompsonii,Darius Paulley,10-04-17,1758,907
9787863141839,Audio,Horror,Cacatua tenuirostris,Art Minister,10-02-18,1365,1062
9780619252558,Audio,Horror,Tayassu tajacu,Ado Krolak,18-01-18,1062,157
9784922965697,Audio,Horror,Equus hemionus,Filip Stennet,29-05-17,1726,1484
9783497725453,Audio,Horror,Cercopithecus aethiops,Lennie Furphy,18-10-17,1128,1185
9789318577638,Audio,Horror,Carduelis pinus,Guinna Mogg,19-06-17,1622,923
9784041704602,Audio,Horror,Pan troglodytes,Nikolai Carlsen,22-07-17,1754,638
9782529290170,Audio,Horror,Panthera leo,Kaiser Bache,26-08-17,1634,489
9784854989773,Audio,Horror,Limosa haemastica,Allan Janca,08-01-18,1205,1475
9782049982735,Audio,Horror,Arctogalidia trivirgata,Tara Gowanson,26-10-17,1886,1136
9785815258310,Audio,Horror,Spilogale gracilis,Genvieve Mallinson,11-12-17,1622,892
9788206644847,Audio,Horror,Dasypus novemcinctus,Marve Ruffy,28-10-17,1164,36
9781524442158,Audio,Horror,Cynictis penicillata,Pavlov Arends,12-11-17,1482,307
9784239926356,Audio,Horror,unavailable,Maurene Sprigin,18-04-17,1272,989
9785183374142,Audio,Horror,Choloepus hoffmani,Ware Bernardy,08-05-17,1763,1005
9783930858027,Audio,Horror,Anas platyrhynchos,Leontyne Brazil,23-04-17,1056,348
9781407214117,Audio,Horror,Cercopithecus aethiops,Chase Greser,08-07-17,1424,962
9785414365217,Audio,Horror,Microcebus murinus,Edik Sammut,13-01-18,1303,1300
9781807082748,Audio,Horror,Mycteria leucocephala,Cross McElory,08-12-17,1945,528
9781575390924,Audio,Horror,Connochaetus taurinus,Blinnie Trigwell,18-09-17,1153,1105
9785078573880,Audio,Horror,Diomedea irrorata,Rupert Colls,02-01-18,1274,1346
9784795760418,Audio,Horror,Sula dactylatra,Velvet Dunbar,07-11-17,1497,740
9785175138457,Audio,Horror,Lepus arcticus,Ruby Wellum,04-06-17,1431,274
9781014464592,Audio,Horror,Eudyptula minor,Anneliese Easbie,22-03-18,1383,1095
9789898540849,Audio,Horror,Cordylus giganteus,Towney Lampen,27-10-17,1148,793
9784155042679,Audio,Horror,Paradoxurus hermaphroditus,Elmer Chillingsworth,09-02-18,1851,572
9782367681531,Audio,Horror,Carduelis uropygialis,Betti Grassot,14-07-17,1420,41
9788384227579,Audio,Horror,Aonyx cinerea,Claresta Viel,30-01-18,1381,35
9786850390686,Audio,Horror,Felis silvestris lybica,Pen Gerrelts,09-09-17,1730,1164
9785921847236,Audio,Horror,Plectopterus gambensis,Petey Heinrici,13-12-17,1756,950
9789577856884,Audio,Horror,Tyto novaehollandiae,Shelley Ethelston,05-05-17,1509,707
9785299983513,Audio,Horror,Dromaeus novaehollandiae,Timoteo Wilkes,29-08-17,1353,1280
9789871681980,Audio,Horror,Sula dactylatra,Rocky Mathet,28-08-17,1649,511
9782064897591,Audio,Horror,Neotis denhami,Tandy McIntosh,02-08-17,1356,962
9783197844033,Audio,Horror,Nasua nasua,Ansley Reynish,02-05-17,1660,582
9787412326989,Audio,Horror,Centrocercus urophasianus,Kathleen Brockelsby,11-04-17,1766,24
9781860974047,Audio,Horror,Ciconia episcopus,Missie Nuschke,05-06-17,1441,1178
9782536488575,Audio,Horror,Spermophilus tridecemlineatus,Milt Sibborn,20-12-17,1451,45
9782391970658,Audio,Horror,Lycosa godeffroyi,Pennie Dabes,04-03-18,1490,1381
9787032257196,Audio,Horror,Cebus albifrons,Augustus Bulfoy,01-01-18,1342,477
9784129263529,Audio,Horror,Cyrtodactylus louisiadensis,Nikki Stonham,16-11-17,1339,469
9785534106977,Audio,Horror,Macropus eugenii,Britt Baudic,01-12-17,1533,1392
9782406360010,Audio,Horror,Pavo cristatus,Shay Mace,20-11-17,1805,574
9783314700932,Audio,Horror,Acanthaster planci,Wilden Blasl,08-01-18,1201,387
9788063558354,Audio,Horror,Haliaeetus leucocephalus,Vanya Leffek,31-05-17,1827,650
9782949414395,Audio,Horror,Connochaetus taurinus,Nicolai Fawson,26-02-18,1835,63
9780251400620,Audio,Horror,Vulpes cinereoargenteus,Vickie Rosendorf,13-11-17,1810,1453
9782210621332,Audio,Horror,Graspus graspus,Lynelle Aymerich,17-09-17,1638,483
9780419484022,Audio,Horror,Salvadora hexalepis,Trenna Le Fleming,16-09-17,1474,934
9785189639230,Audio,Horror,Helogale undulata,Valenka Genese,16-05-17,2003,1026
9789140161602,Audio,Horror,Ovibos moschatus,Kassie Cathcart,22-09-17,1724,902
9787404915400,Audio,Horror,Lamprotornis nitens,Trent Spick,12-01-18,1376,467
9787515585274,Audio,Horror,Dusicyon thous,Michail Borgnol,12-03-18,2012,1052
9781050728640,Audio,Horror,Deroptyus accipitrinus,Mel Attock,28-11-17,1723,264
9787422290275,Audio,Horror,Dendrocitta vagabunda,Corby Griss,20-02-18,1762,201
9787897839060,Audio,Horror,Merops bullockoides,Pablo Lampbrecht,28-05-17,1295,579
9782762124880,Audio,Horror,Trachyphonus vaillantii,Carmel Ivachyov,26-12-17,1613,1500
9783957837063,Audio,Horror,Cebus apella,Paulette Burles,29-08-17,1624,769
9783254734135,Audio,Horror,Ardea cinerea,Shirl Creegan,01-02-18,1388,314
9789863652507,Audio,Horror,Sus scrofa,Blondelle Pinkney,29-10-17,1724,901
9784755754355,Audio,Horror,Macropus agilis,Othella Yosselevitch,31-07-17,1820,1092
9781229796010,Audio,Horror,Centrocercus urophasianus,Danila Saffer,24-08-17,1345,26
9789053681607,Audio,Horror,Aquila chrysaetos,Cyrill Rapo,17-11-17,1980,624
9787259870969,Audio,Horror,Cacatua galerita,Rabbi Brocks,14-04-17,1186,595
9786521242326,Audio,Horror,Delphinus delphis,Frieda Danit,31-12-17,1199,695
9788411032125,Audio,Horror,Leprocaulinus vipera,Garwood Blanche,12-12-17,1142,386
9787547807429,Audio,Horror,Mirounga angustirostris,Boony Demschke,23-06-17,1745,1463
9786101377616,Audio,Horror,Manouria emys,Gavrielle Presslie,28-04-17,1915,806
9781586675452,Audio,Horror,Ara chloroptera,Aryn Fearnill,13-09-17,1333,1334
9782382783507,Audio,Horror,Pycnonotus nigricans,Cristin McIndrew,11-12-17,1515,942
9782188323126,Audio,Horror,Petaurus breviceps,Michelle Kisbey,07-12-17,1510,18
9789510240115,Audio,Horror,Ara ararauna,Ferrel Cromarty,15-11-17,1225,9
9782486801996,Audio,Horror,Butorides striatus,Liv Swindells,17-05-17,1530,340
9782524562520,Audio,Horror,Rhea americana,Vick Winny,19-12-17,1225,342
9783422401924,Audio,Horror,Phalacrocorax albiventer,Geri Derl,24-11-17,1156,183
9785353379933,Audio,Horror,Pycnonotus barbatus,Leoline Smither,15-12-17,1176,665
9789142525329,Audio,Horror,Casmerodius albus,Colet Onn,03-02-18,1964,232
9789742760400,Audio,Horror,Buteo regalis,Stavro Shillitoe,16-09-17,1035,274
9786449311370,Audio,Horror,Centrocercus urophasianus,Luce Girhard,20-09-17,1498,541
9785953333065,Audio,Horror,Ciconia ciconia,Arnoldo Wyndham,29-04-17,2015,936
9780433507699,Audio,Horror,Limosa haemastica,Burtie Bradtke,09-06-17,1829,1332
9782638399859,Audio,Horror,Phoenicopterus ruber,Afton Attle,09-06-17,1423,447
9780024850005,Audio,Horror,Tadorna tadorna,Fredia Dinkin,07-11-17,1261,198
9782096307992,Audio,Horror,unavailable,Aubry Pickervance,12-07-17,1032,1309
9783995052160,Audio,Horror,Laniaurius atrococcineus,Danni France,14-12-17,2003,11
9784160891092,Audio,Horror,Semnopithecus entellus,Aleta Skudder,28-08-17,1577,815
9784036031726,Audio,Horror,Streptopelia decipiens,Julia Tregidgo,21-01-18,1113,278
9787287928420,Audio,Horror,Vanellus chilensis,Minette Albutt,10-02-18,1781,822
9780372799689,Audio,Horror,Sula dactylatra,Elwin Want,23-09-17,1780,374
9780094642110,Audio,Horror,unavailable,Sandor Hallad,16-02-18,1989,973
9784923034285,Audio,Horror,Physignathus cocincinus,Crin Conquer,27-04-17,1717,1158
9786086135691,Audio,Horror,Columba palumbus,Ethelbert Derricoat,09-11-17,1859,1182
9789879276569,Audio,Horror,Canis mesomelas,Dalenna Teck,24-03-18,1960,387
9782270981896,Audio,Horror,Zonotrichia capensis,Tommy Headan,23-03-18,1125,730
9787683664491,Audio,Horror,Lamprotornis nitens,Zollie Mockes,18-10-17,1468,141
9782524015873,Audio,Horror,Rhea americana,Merrielle Elkins,29-11-17,1046,265
9789201832914,Audio,Horror,Leprocaulinus vipera,Armand Martignoni,15-01-18,1930,1218
9789882934017,Audio,Horror,Cervus duvauceli,Valerie Beert,08-07-17,1751,516
9785645574896,Audio,Horror,Ovis canadensis,Rufus Carleton,28-08-17,1419,1484
9786380794902,Audio,Horror,Crotaphytus collaris,Silvanus Gebhard,18-07-17,1294,534
9780366279139,Audio,Horror,Francolinus swainsonii,Verina Woolforde,18-04-17,1852,410
9788422103187,Audio,Horror,Nucifraga columbiana,Talbert Loffhead,31-01-18,1798,747
9785610492866,Audio,Horror,Ploceus rubiginosus,Cammie Lanham,04-04-17,1248,504
9784045108355,Audio,Horror,Snycerus caffer,Suzanne Gazzard,21-12-17,1767,1369
9784483736939,Audio,Horror,Theropithecus gelada,Kristel Carrabott,14-11-17,1725,36
9783728562387,Audio,Horror,Hymenolaimus malacorhynchus,Joete Franzen,27-02-18,1547,507
9786130389666,Audio,Horror,Cacatua galerita,Bevvy Stote,04-09-17,1840,316
9785514041922,Audio,Horror,Stenella coeruleoalba,Jany Brauns,15-01-18,1749,835
9787284522216,Audio,Horror,Acrantophis madagascariensis,Wolfgang Bilborough,12-05-17,1009,1055
9786210775018,Audio,Horror,Taurotagus oryx,Sky Garza,21-01-18,1815,658
9781777467100,Audio,Horror,Pterocles gutturalis,Vi Creeber,21-07-17,1758,316
9789355990577,Audio,Horror,Amazona sp.,Shelby Laffoley-Lane,13-01-18,1075,1153
9782161179178,Audio,Horror,Ratufa indica,Phyllida Peealess,02-06-17,1641,1406
9780890728924,Audio,Horror,Buteo jamaicensis,Tiertza Batchelar,05-10-17,1565,1496
9789067850624,Audio,Horror,Choriotis kori,Letty Olyonov,15-11-17,1494,570
9781874053668,Audio,Horror,Equus burchelli,Antone Commin,04-07-17,1384,907
9780993852282,Audio,Horror,Haliaetus vocifer,Wolf Haugg,18-05-17,1037,322
9786198891775,Audio,Horror,Bradypus tridactylus,Jenelle Willan,10-04-17,1846,782
9785274735137,Audio,Horror,Cacatua galerita,Field Ben,27-01-18,1297,1246
9783913198462,Audio,Horror,Vulpes cinereoargenteus,Gallard Thomel,06-11-17,1133,1023
9784902883376,Audio,Horror,Ursus americanus,Ugo Greg,02-05-17,2018,1016
9784027952384,Audio,Horror,Eudyptula minor,Skyler Seabrook,15-02-18,1059,866
9786860363702,Audio,Horror,Cacatua tenuirostris,Vanya Splevin,10-07-17,1848,1409
9786627680609,Audio,Horror,Vulpes vulpes,Rafa Storres,06-06-17,1321,453
9781979363919,Audio,Horror,Pseudoleistes virescens,Derk Swatradge,25-05-17,1059,791
9783952395669,Audio,Horror,Buteo galapagoensis,Dinny Adamczewski,18-03-18,1843,1005
9786817597091,Audio,Horror,Fregata magnificans,Henri Langridge,20-03-18,1713,353
9785523528570,Audio,Horror,Vulpes chama,Pace Pavolini,30-06-17,1686,420
9784744387143,Audio,Horror,Castor canadensis,Randall Junifer,03-05-17,1314,922
9785636610507,Audio,Horror,Felis silvestris lybica,Theadora Robben,03-01-18,1804,17
9786594562576,Audio,Horror,Cacatua tenuirostris,Jimmy Brute,08-08-17,1339,153
9784996233257,Audio,Horror,Sus scrofa,Dynah Broomhead,29-10-17,1874,1058
9787256936235,Audio,Horror,Herpestes javanicus,Chantalle Janout,16-12-17,1657,396
9783330383878,Audio,Horror,Sylvilagus floridanus,Milton Bitchener,17-01-18,1281,701
9784516420235,Audio,Horror,Dasyurus maculatus,Cornelius MacFarlane,05-08-17,1865,1474
9783958599723,Audio,Horror,Colobus guerza,Vickie Minogue,12-08-17,1885,1389
9782769616161,Audio,Horror,Macropus rufogriseus,Chloe Wong,11-09-17,1975,460
9789807646322,Audio,Horror,Bubalus arnee,Shay Scrane,13-02-18,1990,1295
9786095757684,Audio,Horror,Lycosa godeffroyi,Harli Meneo,30-01-18,1771,239
9786827375183,Audio,Horror,Irania gutteralis,Noll Macvain,25-06-17,1159,1002
9781597955345,Audio,Horror,Platalea leucordia,Darcie Belshaw,15-09-17,1476,958
9788478843249,Audio,Horror,Climacteris melanura,Luigi Lesurf,28-02-18,1434,1475
9786423634449,Audio,Horror,Ephippiorhynchus mycteria,Genvieve Liepina,08-08-17,1725,485
9782114533472,Audio,Horror,Sitta canadensis,Rafa MacQuarrie,13-07-17,1619,385
9781401689903,Audio,Horror,Milvago chimachima,Leshia Gosse,08-08-17,1294,885
9780246873028,Audio,Horror,Scolopax minor,Lefty Elacoate,18-09-17,1060,238
9781014887107,Audio,Horror,Dendrocitta vagabunda,Ajay Hazeldene,28-07-17,1270,956
9783254827408,Audio,Horror,Dasyurus maculatus,Casey Ringer,19-06-17,1710,1215
9780963404899,Audio,Horror,unavailable,Germaine Claremont,23-11-17,1257,514
9781006618878,Audio,Horror,Melophus lathami,Ammamaria Sterndale,10-08-17,1745,404
9787447428680,Audio,Horror,Iguana iguana,Dari Raun,25-11-17,1091,1228
9785694576235,Audio,Horror,Macropus agilis,Honoria Gregg,29-08-17,1945,96
9784854668535,Audio,Horror,Pavo cristatus,Chuck Curcher,01-06-17,1520,737
9784267580378,Audio,Horror,Oryx gazella callotis,Zelma Ostridge,13-06-17,1006,784
9782069529191,Audio,Horror,Gazella granti,Stephani Mara,09-07-17,1165,283
9787367995371,Audio,Horror,Acrantophis madagascariensis,Norris Elks,11-08-17,1092,203
9781130111047,Audio,Horror,Eremophila alpestris,Tadio Rampage,07-08-17,1854,1197
9786663716338,Audio,Horror,Paroaria gularis,Lalo Regardsoe,06-05-17,1022,421
9780434392439,Audio,Horror,Larus dominicanus,Dougie Dorkins,18-05-17,1362,521
9788174871974,Audio,Horror,Lamprotornis sp.,Jolee Cheasman,30-12-17,1393,748
9783649834286,Audio,Horror,Merops nubicus,Olvan Kroch,07-10-17,1476,1471
9786203130144,Audio,Horror,Prionace glauca,Leann Sylvester,30-11-17,1329,1390
9784106636000,Audio,Horror,Aepyceros mylampus,Helena Ellershaw,24-10-17,1418,210
9783740413822,Audio,Horror,Phaethon aethereus,Eilis Ephgrave,02-07-17,1476,1179
9783745799004,Audio,Horror,Ovis canadensis,Nerte Dixon,19-02-18,1514,1243
9788837508432,Audio,Horror,Manouria emys,Nanon Wasmuth,17-02-18,1094,155
9780632621878,Audio,Horror,Oryx gazella,Adriano Simonetto,26-09-17,1968,399
9784687453445,Audio,Horror,Macropus agilis,Katherine Mussett,08-04-17,1091,1164
9781123919396,Audio,Horror,Marmota caligata,Violette Ryce,28-07-17,1891,758
9787773073944,Audio,Horror,Casmerodius albus,Dorolice Henaughan,02-10-17,1448,221
9781099529748,Audio,Horror,Butorides striatus,Kalina Simenon,22-02-18,1742,845
9788814687186,Audio,Horror,Ctenophorus ornatus,Lebbie Savile,03-05-17,1548,396
9789569433980,Audio,Horror,Pteronura brasiliensis,Mamie Caris,13-12-17,1273,1033
9786765766584,Audio,Horror,unavailable,Samuele Lutzmann,22-01-18,1564,529
9787831420431,Audio,Horror,Fratercula corniculata,Leoline Mulhall,09-04-17,1438,926
9783505111874,Audio,Horror,Ictalurus furcatus,Mil Lafford,23-03-18,1565,1472
9785002410190,Audio,Horror,Parus atricapillus,Tabitha Cammock,11-12-17,1324,181
9788985052654,Audio,Horror,Bradypus tridactylus,Iver Quantick,15-03-18,1870,341
9784980590497,Audio,Horror,Larus dominicanus,Nigel Yankishin,27-12-17,1355,266
9789584553065,Audio,Horror,Equus hemionus,Pepita Pechell,07-06-17,1522,1025
9784228531835,Audio,Horror,Crocodylus niloticus,Jelene Bilborough,23-11-17,1064,806
9787299694459,Audio,Horror,Phoca vitulina,Wilhelmine Fass,01-08-17,1895,93
9785443259470,Audio,Horror,Paradoxurus hermaphroditus,Gaston Kielty,16-04-17,1004,1058
9785208835609,Audio,Horror,Junonia genoveua,Tad Godson,28-05-17,1412,287
9785773681667,Audio,Horror,Coracias caudata,Ambrosio Grinsdale,01-10-17,1448,84
9783148891659,Audio,Horror,Streptopelia senegalensis,Debora Borzone,08-12-17,1806,1083
9788554416551,Audio,Horror,Macaca mulatta,Kerby Breacher,09-01-18,1812,141
9783539954590,Audio,Horror,Creagrus furcatus,Saba Batrim,12-01-18,1076,1174
9784863614617,Audio,Horror,Limnocorax flavirostra,Cherri Bointon,20-06-17,1719,1233
9785144132041,Audio,Horror,Macropus parryi,Felita Pietroni,20-09-17,1861,1039
9780789404707,Audio,Horror,Zosterops pallidus,Desmund Meads,19-11-17,1373,1461
9781370810259,Audio,Horror,Paradoxurus hermaphroditus,Ferd Guillond,02-04-17,1736,1209
9785458853206,Audio,Horror,Tragelaphus angasi,Antonetta Dudeney,17-10-17,1481,570
9783969463988,Audio,Horror,Fulica cristata,Wilhelmine Gofford,03-09-17,1202,1401
9787439848637,Audio,Horror,Bos frontalis,Darin Coultas,14-07-17,1836,438
9788225181922,Audio,Horror,Sceloporus magister,Glynnis McFeat,29-11-17,1098,1251
9782627103749,Audio,Horror,Limnocorax flavirostra,Sophey MacConnal,18-01-18,1602,688
9787114980463,Audio,Horror,Colobus guerza,Zebadiah Hargey,02-09-17,1701,842
9789002095864,Audio,Horror,Uraeginthus bengalus,Di Lemar,24-12-17,1220,427
9781406099267,Audio,Horror,Otaria flavescens,Danice Cassely,19-08-17,1855,828
9789503442387,Audio,Horror,Camelus dromedarius,Tristan Verey,28-02-18,1540,706
9788903170495,Audio,Horror,Francolinus leucoscepus,Dix Philcox,26-07-17,1759,465
9780681602017,Audio,Horror,Rhea americana,Margery Carville,15-08-17,1179,345
9783267902229,Audio,Horror,Dasyurus viverrinus,Frederich Wortley,06-06-17,1268,470
9789003724930,Audio,Horror,Columba palumbus,Eldredge McPhail,29-10-17,1325,523
9780003988256,Audio,Horror,Delphinus delphis,Blisse Bentall,22-06-17,1992,269
9788765173097,Audio,Horror,Bison bison,Tremain MacIntosh,19-06-17,1297,303
9785280166356,Audio,Horror,Marmota flaviventris,Martie Pask,21-10-17,1048,1160
9789966101534,Audio,Horror,Notechis semmiannulatus,Kaye Pinsent,23-02-18,1766,120
9783052403433,Audio,Horror,Neotis denhami,Carolina Bladesmith,26-07-17,1835,1418
9782070071855,Audio,Horror,Vanessa indica,Karry MacQuist,03-11-17,1820,933
9786236973319,Audio,Horror,Loris tardigratus,Tyne Pettinger,21-02-18,1818,1071
9788580699349,Audio,Horror,Acrantophis madagascariensis,Jeff Aire,03-12-17,1928,742
9783267146991,Audio,Horror,Gekko gecko,Hedvige Godleman,23-05-17,1747,308
9784045114160,Audio,Horror,Giraffe camelopardalis,Reena Spong,23-01-18,1541,1311
9788575971256,Audio,Horror,Mycteria leucocephala,Krissie Ashbolt,05-10-17,1490,365
9780507390158,Audio,Horror,Isoodon obesulus,Rudolf Ondrasek,28-05-17,1183,844
9787120877250,Audio,Horror,Hystrix indica,Leroy Jerrard,17-05-17,1807,736
9781001314581,Audio,Horror,Cygnus buccinator,Jamal Dacks,09-12-17,1150,27
9781265467902,Audio,Horror,Tadorna tadorna,Dena Horney,18-12-17,1344,682
9781751386500,Audio,Horror,Tursiops truncatus,Gary MacDaid,23-02-18,1616,1360
9782865171395,Audio,Horror,Varanus salvator,Sheila Wigmore,22-08-17,1756,603
9783399187260,Audio,Horror,Spilogale gracilis,Darice Pamment,17-02-18,1790,1311
9785301249606,Audio,Horror,Centrocercus urophasianus,Melisent Flaonier,23-03-18,1070,388
9783392692362,Audio,Horror,Charadrius tricollaris,Alane Cornew,18-09-17,1183,247
9780889905594,Audio,Horror,Alectura lathami,Charla Sinkins,12-01-18,1621,1349
9784443911322,Audio,Horror,Gyps bengalensis,Jessalyn Cridlon,22-03-18,1321,259
9781669824269,Audio,Horror,Ardea cinerea,Naomi Wones,22-02-18,1647,69
9789961483265,Audio,Horror,Capreolus capreolus,Roxi O'Lenane,13-01-18,1698,1190
9784870658924,Audio,Horror,Fregata magnificans,Yevette Kos,19-05-17,1047,1414
9787548424656,Audio,Horror,Hymenolaimus malacorhynchus,Mimi Macrae,12-01-18,1712,1429
9784235977584,Audio,Horror,Ciconia episcopus,Randal Hassen,21-10-17,1714,457
9784420879439,Audio,Horror,Dasyprocta leporina,Lanni Gerrelts,26-01-18,1309,187
9784562142076,Audio,Horror,Mungos mungo,Mandel Kinnaird,12-03-18,1017,347
9788622916607,Audio,Horror,Ninox superciliaris,Grayce Scudder,29-11-17,1230,886
9788259210437,Audio,Horror,Genetta genetta,Cyndie Carik,23-10-17,1212,289
9785026061357,Audio,Horror,Ctenophorus ornatus,Mercy Neighbour,09-08-17,1022,82
9784907609803,Audio,Horror,Gyps bengalensis,Kienan Robert,01-04-17,1834,1056
9788837864335,Audio,Horror,unavailable,Ysabel Goldston,22-08-17,1001,202
9781980327149,Audio,Horror,Eudromia elegans,Damara Scheffler,27-07-17,1378,462
9785041600084,Audio,Horror,Mirounga angustirostris,Kellie Wyne,29-11-17,1943,141
9784925269227,Audio,Horror,Picoides pubescens,Hersch Greendale,19-06-17,1790,698
9786063605048,Audio,Horror,Alopex lagopus,Ritchie Griffitt,06-11-17,1331,809
9787376146653,Audio,Horror,Orcinus orca,Jeth Monketon,05-08-17,1999,1403
9785933552797,Audio,Horror,Thylogale stigmatica,Sandy Turtle,18-07-17,1278,1188
9781544908570,Audio,Horror,Sagittarius serpentarius,Letty Semor,13-05-17,1281,963
9781869022232,Audio,Horror,Mungos mungo,Junina Haulkham,06-12-17,1378,1174
9786286512813,Audio,Horror,Cacatua tenuirostris,Dela Fyfield,18-03-18,1748,1385
9786112311338,Audio,Horror,Bassariscus astutus,Giorgi Dolphin,26-05-17,1583,924
9782122637396,Audio,Horror,Paraxerus cepapi,Bryn O'Doherty,08-04-17,1108,472
9787606535329,Audio,Horror,Ammospermophilus nelsoni,Haskell Crookston,26-06-17,1530,376
9786096619648,Audio,Horror,Uraeginthus bengalus,Cecilla Groocock,26-11-17,1775,1031
9787608937326,Audio,Horror,Phasianus colchicus,Lexine Comerford,19-03-18,1565,327
9789364493999,Audio,Horror,Lamprotornis nitens,Lon Rummer,27-02-18,1747,578
9781775400111,Audio,Horror,Phaethon aethereus,Robinette Telford,28-01-18,1222,135
9783773371395,Audio,Horror,Lycaon pictus,Bobbye Wiersma,16-03-18,1297,612
9785738032021,Audio,Horror,Lepus arcticus,Johanna Wraxall,02-08-17,1142,1361
9785971420988,Audio,Horror,Felis rufus,Monty Anthony,18-09-17,1603,1371
9783301967975,Audio,Horror,Vulpes vulpes,Rupert Bullent,12-11-17,1681,800
9786172996391,Audio,Horror,Otaria flavescens,Richart Ranking,17-06-17,1071,1407
9780317378269,Audio,Horror,Echimys chrysurus,Herbie Lartice,08-04-17,1779,54
9786074015812,Audio,Horror,Oncorhynchus nerka,Ryann Jacquot,19-11-17,1235,172
9783484315951,Audio,Horror,Phalacrocorax albiventer,Gena Dorr,14-04-17,1470,1363
9783127850398,Audio,Horror,Scolopax minor,Cicely McArt,13-02-18,1355,313
9784762604595,Audio,Horror,Megaderma spasma,Loraine Heball,15-06-17,1476,1206
9780745195497,Audio,Horror,Turtur chalcospilos,Esma Pymm,10-04-17,1753,1181
9785765347455,Audio,Horror,Bubalus arnee,Jamill Littley,12-07-17,1565,317
9784461237200,Audio,Horror,Mirounga angustirostris,Valeria Harfleet,17-11-17,1828,1097
9788880948722,Audio,Horror,Felis wiedi or Leopardus weidi,Addison Matthias,01-04-17,1159,177
9784222388073,Audio,Horror,Uraeginthus granatina,Levi Allabush,12-04-17,1172,653
9784773296288,Audio,Horror,Tamiasciurus hudsonicus,Hedwiga Dumbreck,15-09-17,1362,391
9787389659394,Audio,Horror,Marmota monax,Cherri Bouldon,08-06-17,1987,626
9788133633020,Audio,Horror,Butorides striatus,Beltran Orrin,01-08-17,1234,996
9781886847909,Audio,Horror,Bugeranus caruncalatus,Nelson Evangelinos,02-02-18,1748,1150
9788839815933,Audio,Horror,Eudyptula minor,Laurene Franies,05-06-17,1125,711
9787435335048,Audio,Horror,Phalacrocorax niger,Angeli Bolsteridge,23-05-17,2006,101
9784442001851,Audio,Horror,Capreolus capreolus,Ryun Bellini,19-09-17,1184,1476
9784721235229,Audio,Horror,Pytilia melba,Richie Coverdale,15-02-18,1771,1417
9785321957241,Audio,Horror,Odocoilenaus virginianus,Giacobo Rothwell,06-05-17,1465,1336
9786583672525,Audio,Horror,Kobus defassa,Jarrett Surgen,06-03-18,1440,259
9782718310473,Audio,Horror,Spilogale gracilis,Valerie Widdowes,09-03-18,1948,371
9784357122105,Audio,Horror,Balearica pavonina,Granthem Simper,15-01-18,1690,732
9789357930871,Audio,Horror,Cygnus atratus,Nial Ryal,28-12-17,1874,631
9783904132352,Audio,Horror,Tenrec ecaudatus,Melisandra Eglington,01-09-17,1175,1084
9782736433994,Audio,Horror,Varanus sp.,Alano Stinton,24-09-17,1252,1397
9780117808510,Audio,Horror,Streptopelia senegalensis,Sherman McBryde,13-01-18,1538,582
9784701747018,Audio,Horror,Anas platyrhynchos,Addy Hindge,22-03-18,1949,517
9786271673646,Audio,Horror,Aonyx cinerea,Aurie Maple,27-08-17,1230,1495
9784647947858,Audio,Horror,Trichoglossus chlorolepidotus,Suzi L'Episcopio,21-06-17,1068,390
9787099056537,Audio,Horror,Varanus sp.,Agnese Ivermee,20-08-17,1740,651
9782683943749,Audio,Horror,Mabuya spilogaster,Shannon Test,12-06-17,1434,1429
9782849633756,Audio,Horror,Colobus guerza,Tilda Dyer,25-12-17,1680,1395
9786524590698,Audio,Horror,Buteo galapagoensis,Lev Fullman,07-09-17,1314,782
9784540789643,Audio,Horror,Coluber constrictor,Chicky Prantl,25-10-17,1142,1330
9785011249759,Audio,Horror,Manouria emys,Padriac Salman,09-12-17,1613,1190
9788302871407,Audio,Horror,Canis lupus,Dillie Priver,07-07-17,1737,1211
9783448137817,Audio,Horror,Gyps bengalensis,Eugenio Howling,17-03-18,1760,1368
9784531687083,Audio,Horror,Papio ursinus,Judye Lapish,13-02-18,1829,1054
9787984102536,Audio,Horror,Larus dominicanus,Marabel Truran,15-10-17,1095,408
9785317084111,Audio,Horror,Phalaropus lobatus,Nanice Petford,16-03-18,1134,1268
9782687036235,Audio,Horror,Spermophilus tridecemlineatus,Robyn Ghilks,16-07-17,1801,499
9789239678700,Audio,Horror,Callipepla gambelii,Quincy Eastman,10-05-17,1870,1390
9782202553435,Audio,Horror,Isoodon obesulus,Dara Dyble,08-06-17,1349,34
9784413396136,Audio,Horror,Kobus defassa,Ariela Hackett,08-08-17,1646,1062
9787650839038,Audio,Horror,Alcelaphus buselaphus caama,Ethyl Casbourne,21-12-17,1535,609
9789067752980,Audio,Horror,Corvus albicollis,Cece Christophle,31-07-17,1146,1042
9783388889755,Audio,Horror,Halcyon smyrnesis,Caro Follacaro,04-02-18,1602,376
9781970654799,Audio,Horror,Phasianus colchicus,Pammy Bere,18-02-18,1789,996
9782026077589,Audio,Horror,Tragelaphus strepsiceros,Hollie Hehir,24-08-17,1991,398
9781689445243,Audio,Horror,Uraeginthus bengalus,Kele Totterdill,18-12-17,1202,215
9786278864863,Audio,Horror,Zalophus californicus,Raddy Mandell,23-05-17,1155,458
9789224740643,Audio,Horror,Chlidonias leucopterus,Skylar Harrowing,11-03-18,1442,1446
9786366518938,Audio,Horror,Bison bison,Ev Baumber,29-10-17,1462,920
9787010985955,Audio,Horror,Odocoilenaus virginianus,Roley Baldocci,20-01-18,1080,561
9782732021325,Audio,Horror,Macropus agilis,Allison MacCaughey,07-06-17,1833,1106
9786589395085,Audio,Horror,Trachyphonus vaillantii,Esmaria Raggitt,03-11-17,1106,519
9784235423779,Audio,Horror,Falco peregrinus,Marcie Chill,02-12-17,1132,1470
9783243032660,Audio,Horror,Phaethon aethereus,Brig Durtnall,30-08-17,1445,558
9789905075956,Audio,Horror,Anas bahamensis,Shantee Fermin,30-04-17,1768,1423
9782677822370,Audio,Horror,Petaurus norfolcensis,Philippa Hiom,23-10-17,1137,1160
9787449458456,Audio,Horror,Tayassu tajacu,Barnard Carletti,20-03-18,1609,106
9784422816028,Audio,Horror,Rhea americana,Kori Bernhardt,17-03-18,1002,1013
9789526626133,Audio,Horror,Bubalus arnee,Alica Skelton,30-07-17,1400,648
9781412968786,Audio,Horror,Cereopsis novaehollandiae,Leonanie Hourahan,16-05-17,1303,607
9780151176111,Audio,Horror,Physignathus cocincinus,Terry Kilgour,15-09-17,1103,1330
9789967643545,Audio,Horror,Tetracerus quadricornis,Matilde Orrill,22-01-18,1114,524
9784350857537,Audio,Horror,Phalacrocorax varius,Mordecai Dulinty,18-03-18,1502,467
9781484337961,Audio,Horror,Capreolus capreolus,Abbey Caudrelier,18-12-17,1449,521
9781980969396,Audio,Horror,Dusicyon thous,Urban Helleker,04-03-18,1858,1011
9785524963809,Audio,Horror,Canis lupus,Ulrikaumeko Wiffield,25-02-18,1707,221
9788418608995,Audio,Horror,Trachyphonus vaillantii,Nevins Cliburn,22-08-17,1401,92
9787390564573,Audio,Horror,Amblyrhynchus cristatus,Giorgio Torbeck,16-10-17,1624,1213
9787363157577,Audio,Horror,Bucorvus leadbeateri,Ericka Woodison,06-11-17,1562,838
9785541958499,Audio,Horror,Bubalornis niger,Fedora Giovanizio,13-06-17,1063,1101
9787258729605,Audio,Horror,Ardea cinerea,Giles Baselio,15-12-17,1131,1002
9781341458093,Audio,Horror,Iguana iguana,Junina Lannin,22-07-17,1799,675
9784526319924,Audio,Horror,Panthera leo persica,Erroll Pullin,18-05-17,1468,180
9780889784972,Audio,Horror,unavailable,Merline Pleager,01-06-17,1287,214
9788815794938,Audio,Horror,Nannopterum harrisi,Thurstan Dominetti,22-09-17,1240,238
9782821037133,Audio,Horror,Ephipplorhynchus senegalensis,Arel Rothman,14-05-17,1377,265
9783400748579,Audio,Horror,Dasypus septemcincus,Hillery Rudeyeard,24-06-17,1800,700
9780759771549,Audio,Horror,Dusicyon thous,Murray Aubry,27-03-17,1249,635
9783922996372,Audio,Horror,Phalacrocorax carbo,Jocelin Samworth,21-05-17,1755,561
9781613774506,Audio,Horror,Hyaena hyaena,Ransell Roseborough,22-08-17,1822,585
9784679535753,Audio,Horror,Anthropoides paradisea,Lindy Dutnell,14-07-17,1190,509
9780656137676,Audio,Horror,Meles meles,Elmo Gerrit,08-09-17,1277,729
9787446010038,Audio,Horror,Oryx gazella,Arabella Curwood,28-08-17,1784,1032
9789215120328,Audio,Horror,Balearica pavonina,Jessey Danter,12-07-17,1971,475
9781633184977,Audio,Horror,Anser caerulescens,Natala Folonin,20-09-17,1636,785
9785254942914,Audio,Horror,Irania gutteralis,Sallie Youngman,22-01-18,1348,676
9785243399050,Audio,Horror,Anthropoides paradisea,Kaspar Wulfinger,23-02-18,1145,1017
9781648285226,Audio,Horror,Dicrurus adsimilis,Enid Paxman,18-03-18,1684,1491
9783513971439,Audio,Horror,Parus atricapillus,Herby Blanche,27-03-17,1221,941
9782636687610,Audio,Horror,Choriotis kori,Barbabra Bernardy,09-07-17,1001,956
9784861395392,Audio,Horror,Bugeranus caruncalatus,Willy Dagnan,24-04-17,1313,372
9786739952764,Audio,Horror,unavailable,Fawne Delafont,18-10-17,1627,1352
9788909640839,Audio,Horror,Columba palumbus,Philly Wyper,12-07-17,1113,316
9782224945681,Audio,Horror,Nasua nasua,Eldon MacUchadair,04-04-17,1060,1112
9782022673349,Audio,Horror,Orcinus orca,Shea Callingham,14-08-17,1242,938
9786621377198,Audio,Horror,Leptoptilus dubius,Rosette Loudon,06-09-17,1387,659
9784071416270,Audio,Horror,Sula nebouxii,Cammy Yurenev,24-09-17,1787,153
9784933293691,Audio,Horror,Ciconia ciconia,Libbi Rudall,26-07-17,1224,1015
9786018005925,Audio,Horror,Macropus agilis,Aguste Reedick,10-01-18,1495,381
9785441621829,Audio,Horror,Madoqua kirkii,Hercules Killbey,09-12-17,1860,1122
9781243209534,Audio,Horror,Echimys chrysurus,Emmeline Lorek,11-09-17,1662,1033
9789707032818,Audio,Horror,Merops nubicus,Virge Klausewitz,02-02-18,1103,1344
9782098798804,Audio,Horror,Felis chaus,Wilfred Laurencot,05-09-17,1423,1184
9785960452833,Audio,Horror,Cyrtodactylus louisiadensis,Ruy Fulham,21-12-17,1592,1071
9782477216606,Audio,Horror,Drymarchon corias couperi,Boone Gwinnett,02-01-18,1884,746
9782437626279,Audio,Horror,Ourebia ourebi,Katerina Schmuhl,14-04-17,1734,1488
9781523391841,Audio,Horror,Speothos vanaticus,Tally Aspin,06-01-18,1249,542
9789428050920,Audio,Horror,Catharacta skua,Gisele Jullian,07-03-18,1577,891
9783265731487,Audio,Horror,Anas bahamensis,Annette Dunkinson,27-11-17,1781,591
9782004278262,Audio,Horror,Corvus brachyrhynchos,Kaela Goodwell,01-01-18,1046,781
9783422487822,Audio,Horror,Mellivora capensis,Klarika Crudginton,09-03-18,1527,510
9783212161368,Audio,Horror,Felis concolor,Jorgan Bullimore,10-04-17,1414,652
9788875544745,Audio,Horror,Lasiorhinus latifrons,Taite Livingstone,28-09-17,1977,1114
9786442356859,Audio,Horror,Butorides striatus,Brittne Staker,15-07-17,1948,664
9783263851776,Audio,Horror,Carduelis pinus,Bernita Schwandermann,06-09-17,1194,1374
9780227668703,Audio,Horror,Semnopithecus entellus,Niels Spinney,17-12-17,1234,1445
9785459968111,Audio,Horror,Francolinus leucoscepus,Alysa Riden,25-08-17,1735,370
9783289687334,Audio,Horror,Psophia viridis,Bent Bentz,24-06-17,1416,163
9789656362216,Audio,Horror,Ovis canadensis,Melania Davies,11-05-17,1350,1457
9780241701660,Audio,Horror,Felis silvestris lybica,Valeria Arthur,31-01-18,1161,1025
9786916519533,Audio,Horror,Speotyte cuniculata,Tana Whylie,03-01-18,1458,1185
9782573491301,Audio,Horror,Sarcorhamphus papa,Pete Naish,25-11-17,1585,232
9789798167904,Audio,Horror,Choloepus hoffmani,Carney Longhirst,02-10-17,1471,14
9781064837337,Audio,Horror,Pycnonotus barbatus,Bryn Vasilmanov,27-03-17,1271,306
9787671585968,Audio,Horror,unavailable,Cherry Azema,23-05-17,1897,797
9787973788465,Audio,Horror,Papio ursinus,Ailis Lockwood,17-05-17,1064,232
9786791041787,Audio,Horror,Geochelone radiata,Sollie Delamaine,31-07-17,1980,1105
9787339174737,Audio,Horror,Spheniscus magellanicus,Iolande Maccree,05-10-17,1022,890
9780617120144,Audio,Horror,Phalacrocorax albiventer,Verile Stoven,10-11-17,1380,1339
9787688522471,Audio,Horror,Pytilia melba,Bengt Figurski,03-12-17,1314,769
9782491590876,Audio,Horror,Varanus sp.,Margarita Krout,27-07-17,1206,31
9783808720281,Audio,Horror,Connochaetus taurinus,Bernie Carmont,24-09-17,1640,851
9786066094322,Audio,Horror,Actophilornis africanus,Audy Francioli,26-06-17,1951,825
9787011676434,Audio,Horror,Casmerodius albus,Jeana Tydd,10-08-17,1299,676
9784253353424,Audio,Horror,Phylurus milli,Marisa Pridie,12-07-17,2003,991
9787206202246,Audio,Horror,Nyctea scandiaca,Terza Reddoch,27-07-17,1034,320
9781427274243,Audio,Horror,Canis aureus,Alvy Impey,25-01-18,1995,944
9789297649423,Audio,Horror,Panthera tigris,Laird Vassbender,13-01-18,1454,448
9781010942708,Audio,Horror,Centrocercus urophasianus,Batsheva Durrett,03-09-17,1652,673
9783211370095,Audio,Horror,Psophia viridis,Gil Lindborg,19-11-17,1509,1019
9782298610076,Audio,Horror,Mirounga angustirostris,Farr Deville,22-12-17,1892,278
9781409624694,Audio,Horror,Gabianus pacificus,June Bean,01-05-17,1376,502
9785704536571,Audio,Horror,Thalasseus maximus,Findlay Wince,25-01-18,1311,1179
9781491045006,Audio,Horror,Speotyte cuniculata,Alexis Grassin,22-05-17,1949,546
9786992995569,Audio,Horror,Cacatua tenuirostris,Omar Grindrod,17-02-18,1127,222
9783586079592,Audio,Horror,Panthera leo,Brianna Dalrymple,20-06-17,1784,68
9782640880283,Audio,Horror,Zonotrichia capensis,Man O'Bradane,12-05-17,1103,771
9787306769852,Audio,Horror,Dacelo novaeguineae,Katinka Suller,21-02-18,1906,885
9787207029234,Audio,Horror,Diomedea irrorata,Bert Wohlers,23-03-18,1347,503
9785371123407,Audio,Horror,Aonyx capensis,Rebekkah Fligg,14-01-18,1893,1169
9784850514442,Audio,Horror,Eumetopias jubatus,Nikolas De Francisci,14-04-17,1448,458
9789936188557,Audio,Horror,Terathopius ecaudatus,Zena Groucutt,13-01-18,1841,928
9783488756677,Audio,Horror,Arctogalidia trivirgata,Germayne Matchett,02-02-18,1585,722
9783984261251,Audio,Horror,Trachyphonus vaillantii,Heidi Burrow,03-06-17,1691,361
9786905164310,Audio,Horror,Petaurus norfolcensis,Daria Kruschev,11-04-17,1277,367
9789845880935,Audio,Horror,Bucephala clangula,Calla Debrick,29-03-17,1942,507
9780851823585,Audio,Horror,Psittacula krameri,Rick Caple,10-08-17,1732,1434
9783974597234,Audio,Horror,Tockus flavirostris,Kevin Lebourn,22-07-17,1317,853
9785779874718,Audio,Horror,Eremophila alpestris,Harlan Bugdell,18-11-17,1771,895
9782883997791,Audio,Horror,Ratufa indica,Pauletta Chown,17-12-17,1207,1088
9784478029572,Audio,Horror,Priodontes maximus,Ancell Capaldo,31-05-17,1120,637
9781841257202,Audio,Horror,Hystrix indica,Malynda Humerstone,11-06-17,1863,10
9789157218476,Audio,Horror,Alligator mississippiensis,Mata Bromidge,24-09-17,1207,724
9780019214520,Audio,Horror,Carduelis uropygialis,Valina Wiz,15-12-17,1777,320
9784886610160,Audio,Horror,Merops nubicus,Brenna Gabbett,13-08-17,1621,744
9781650967242,Audio,Horror,Ciconia ciconia,Cortie Hudson,21-08-17,1711,866
9785767933096,Audio,Horror,Rhea americana,Germain Costock,09-05-17,1893,201
9785096309132,Audio,Horror,Dasyprocta leporina,Norma Maneylaws,05-03-18,1884,1351
9786683866503,Audio,Horror,Pelecans onocratalus,Candi Strange,31-12-17,1755,34
9786079729681,Audio,Horror,Otocyon megalotis,Tannie Hazael,26-09-17,1146,418
9783398968639,Audio,Horror,Macropus eugenii,Devonna Kleynen,06-04-17,1609,1372
9786539603541,Audio,Horror,Cygnus atratus,Ericha Rabidge,30-01-18,1483,8
9780172685775,Audio,Horror,Connochaetus taurinus,Betteanne Barthelemy,21-09-17,1074,609
9780453037387,Audio,Horror,Phoenicopterus ruber,Burnard Bussens,16-03-18,1452,332
9787746834931,Audio,Horror,Laniarius ferrugineus,Emmye Hasell,17-09-17,1840,394
9784855925858,Audio,Horror,Theropithecus gelada,Gaye Le Lievre,01-10-17,1571,257
9782735645928,Audio,Horror,Bugeranus caruncalatus,Arni Ethington,15-02-18,1127,230
9781257424870,Audio,Horror,Panthera leo persica,Randolph Grob,26-07-17,1521,1253
9781291743624,Audio,Horror,Zenaida galapagoensis,Karolina Goley,05-04-17,1334,607
9787732661882,Audio,Horror,Macaca mulatta,Genovera Corwin,23-02-18,1867,466
9789354327242,Audio,Horror,Dendrocitta vagabunda,Timmie Amey,14-08-17,1048,93
9782316798655,Audio,Horror,Dendrocygna viduata,Brennen Laite,28-08-17,1477,799
9784554898815,Audio,Horror,Cygnus atratus,Efrem Arnould,26-01-18,1642,890
9781074916834,Audio,Horror,Pelecans onocratalus,Huey Bothe,06-10-17,1224,595
9781507331039,Audio,Horror,Suricata suricatta,Godart MacArdle,02-12-17,1172,153
9781090955305,Audio,Horror,Tachybaptus ruficollis,Benetta Jervois,01-11-17,1854,622
9785106300297,Audio,Horror,Pteronura brasiliensis,Elizabeth Gerritsma,16-03-18,2002,1473
9786076046691,Audio,Horror,Phacochoerus aethiopus,Clemmy O'Hartnett,09-05-17,1435,626
9789703955663,Audio,Horror,Estrilda erythronotos,Saxon Carnachen,25-10-17,1287,410
9786468647512,Audio,Horror,Pteropus rufus,Marleen Tanby,13-06-17,1235,710
9782483455287,Audio,Horror,Stercorarius longicausus,Benji Acott,22-11-17,1668,1200
9783790573017,Audio,Horror,Ciconia ciconia,Antin Anthona,05-06-17,1182,877
9783699241045,Audio,Horror,Plectopterus gambensis,Lizette Coate,21-07-17,1847,190
9786415842558,Audio,Horror,Grus canadensis,Sianna Coom,03-04-17,1583,930
9787933253612,Audio,Horror,Crotalus cerastes,Jodie Sherlaw,19-08-17,1790,47
9784532697765,Audio,Horror,Antechinus flavipes,Melisent Bouzan,09-06-17,1496,1206
9787920742844,Audio,Horror,Cacatua tenuirostris,Kit Sainsbury-Brown,05-05-17,1626,1279
9781967021008,Audio,Horror,Papilio canadensis,Tate Gherardesci,21-04-17,1637,1434
9783718479295,Audio,Horror,Ara macao,Rafaellle Churn,18-04-17,1535,85
9785417780356,Audio,Horror,Gyps fulvus,Lucia Stains,13-05-17,1078,1162
9788749059823,Audio,Horror,Papio cynocephalus,Mariam Chamney,26-10-17,1628,917
9789318917288,Audio,Horror,Capra ibex,Roddie Sedger,24-05-17,1246,813
9783943039206,Audio,Horror,Coluber constrictor,Winona Shaw,25-09-17,1648,353
9784215438337,Audio,Horror,Canis lupus,Maybelle Billam,30-05-17,1907,274
9789770953869,Audio,Horror,Bubalus arnee,Normand Zisneros,05-10-17,1144,296
9787366313625,Audio,Horror,Spheniscus magellanicus,Elmore Rolles,27-07-17,1681,411
9781395584511,Audio,Horror,Lycosa godeffroyi,Dee dee Carty,26-04-17,1992,70
9782570831622,Audio,Horror,Bubalornis niger,Lammond Randal,11-03-18,1453,1192
9780321367619,Audio,Horror,Threskionis aethiopicus,Dani Wilton,15-02-18,1192,1207
9787544236394,Audio,Horror,Pseudoleistes virescens,Drusilla Clows,02-07-17,1186,741
9787922189012,Audio,Horror,Petaurus norfolcensis,Alexandr Strain,04-08-17,1399,368
9783141344484,Audio,Horror,Cacatua tenuirostris,Neill Horrigan,06-07-17,1015,14
9782338250212,Audio,Horror,Phascogale tapoatafa,Maison Olyff,13-07-17,1095,381
9780458749663,Audio,Horror,Ovis dalli stonei,Deonne Brightman,19-01-18,1720,783
9785781683463,Audio,Horror,Stercorarius longicausus,Gena Margaret,22-03-18,1524,1395
9789840957846,Audio,Horror,Oncorhynchus nerka,Nichole Elloway,27-07-17,1710,531
9780130631251,Audio,Horror,Ursus americanus,Franklin Heppner,21-10-17,1806,786
9785875783521,Audio,Horror,Loris tardigratus,Bjorn German,22-12-17,2004,1080
9789749713872,Audio,Horror,Rhea americana,Abbe Tabourier,27-09-17,1859,786
9787199654801,Audio,Horror,Antilocapra americana,Davide Garretts,02-04-17,1658,275
9787724740462,Audio,Horror,Tachyglossus aculeatus,Roland Enion,19-05-17,1424,264
9789027860459,Audio,Horror,Francolinus coqui,Chevy Durnill,22-05-17,1147,953
9784688210792,Audio,Horror,Varanus albigularis,Angus Fontenot,29-05-17,1464,182
9789478974742,Audio,Horror,Dromaeus novaehollandiae,Glennis Mill,30-04-17,1515,876
9788502280719,Audio,Horror,Casmerodius albus,Opalina Burberow,05-12-17,1049,499
9783262976246,Audio,Horror,Agelaius phoeniceus,Almeria Morriarty,03-12-17,1825,293
9780920212307,Audio,Horror,Ninox superciliaris,Nikos Philipeaux,04-03-18,2016,389
9789726478694,Audio,Horror,Phoeniconaias minor,Brandi Tizard,19-09-17,1467,468
9783820386292,Audio,Horror,Odocoileus hemionus,Andras Colebourn,24-05-17,1350,1308
9783147778485,Audio,Horror,Cacatua tenuirostris,Brad Macari,25-07-17,2013,1308
9788237984598,Audio,Horror,Ammospermophilus nelsoni,Birch Dei,11-09-17,1975,187
9783475202763,Audio,Horror,Canis latrans,Lionello Muro,26-04-17,1800,913
9786983898299,Audio,Horror,Milvago chimachima,Dulciana Conerding,25-09-17,1533,898
9781105944036,Audio,Horror,Balearica pavonina,Gretal Locket,05-02-18,1738,927
9785826359821,Audio,Horror,Milvus migrans,Daryn Baddam,27-02-18,1935,776
9787395555642,Audio,Horror,Arctogalidia trivirgata,Jeanie Doick,21-11-17,1806,1316
9786470621669,Audio,Horror,Colobus guerza,Maighdiln Czyz,05-07-17,2017,1244
9781654667223,Audio,Horror,Spizaetus coronatus,Roxanna Jennaway,27-08-17,1663,9
9786690722145,Audio,Horror,Dendrohyrax brucel,Cristal Pirolini,16-10-17,1398,1427
9787401602519,Audio,Horror,Anthropoides paradisea,Cristabel Gemmill,23-03-18,1976,422
9787918201453,Audio,Horror,Sagittarius serpentarius,Francine Saxelby,21-05-17,1632,1415
9781274981667,Audio,Horror,Tayassu tajacu,Meggy De Dei,09-04-17,1116,159
9786488188349,Audio,Horror,Rhabdomys pumilio,Woodie Arnaez,07-09-17,1652,276
9788806902450,Audio,Horror,Hystrix cristata,Chrystal Everson,03-10-17,1874,1099
9780812774723,Audio,Horror,Cygnus atratus,Marcelia Paule,20-11-17,1888,971
9785408767416,Audio,Horror,Alopex lagopus,Austin Dragge,17-06-17,1356,1170
9782938585193,Audio,Horror,Dusicyon thous,Rand Closs,07-11-17,1101,206
9780429640049,Audio,Horror,Boa caninus,Ware Insko,15-02-18,1838,1249
9783908482020,Audio,Horror,Francolinus swainsonii,Ardella Thomkins,03-07-17,1484,400
9787131956718,Audio,Horror,Oxybelis sp.,Dan Witton,17-09-17,1127,1057
9786609448780,Audio,Horror,Sus scrofa,Sergei Brislane,27-09-17,1530,1220
9780756019437,Audio,Horror,Vulpes vulpes,Goldie Bury,09-07-17,1986,1333
9780442191383,Audio,Horror,Eubalaena australis,Artie Featherstonhalgh,20-05-17,1001,238
9782749363645,Audio,Horror,Francolinus coqui,Renault Blakeden,29-05-17,1295,371
9784365725155,Audio,Horror,Centrocercus urophasianus,Auria Hubble,30-01-18,1828,345
9786022358791,Audio,Horror,Crotalus cerastes,Corilla MacKellar,04-02-18,1567,914
9784612189172,Audio,Horror,Acridotheres tristis,Kendal Ussher,12-11-17,1078,860
9780098152221,Audio,Horror,Haliaeetus leucoryphus,Reider Crawcour,22-12-17,1742,805
9782277477716,Audio,Horror,Phalaropus lobatus,Florance Grover,23-11-17,1960,298
9784466117649,Audio,Horror,Callipepla gambelii,Katharine Penman,18-05-17,1111,704
9782417583149,Audio,Horror,Trachyphonus vaillantii,Mathew Simkovitz,17-05-17,1336,352
9788271782343,Audio,Horror,Globicephala melas,Irwinn Fairhurst,11-08-17,1085,1448
9789384435534,Audio,Horror,Phoenicopterus chilensis,Olva Jurgensen,12-07-17,1286,96
9787725016022,Audio,Horror,Physignathus cocincinus,Mei Gutteridge,28-04-17,1355,1027
9789476810044,Audio,Horror,Gyps bengalensis,Kaitlyn Kennedy,03-04-17,1642,1206
9786031485189,Audio,Horror,Echimys chrysurus,Tris Jesteco,15-02-18,1720,885
9783683982638,Audio,Horror,Varanus albigularis,Abran Lembcke,23-02-18,1822,482
9780326897684,Audio,Horror,Felis caracal,Dacy Enterle,30-12-17,1097,915
9788531369281,Audio,Horror,Haliaetus leucogaster,Valeda Bullick,09-11-17,2009,106
9787590695360,Audio,Horror,Spizaetus coronatus,Kris Hadley,10-09-17,1171,1376
9787706982496,Audio,Horror,Buteo jamaicensis,Truman McAlpine,16-07-17,1885,1340
9780290015931,Audio,Horror,Spheniscus mendiculus,Shantee Butfield,07-02-18,1635,1154
9789700718105,Audio,Horror,Pavo cristatus,Penrod Vallens,30-10-17,1365,755
9783252617070,Audio,Horror,Antechinus flavipes,Michal Morena,08-12-17,1388,1434
9785905863773,Audio,Horror,Butorides striatus,Yulma Vanichkov,13-08-17,1328,1436
9785361287539,Audio,Horror,Ploceus rubiginosus,Mata McGibbon,11-02-18,1485,1184
9787288959996,Audio,Horror,Bos mutus,Carlo Piers,01-12-17,1537,1103
9787102193880,Audio,Horror,Pteronura brasiliensis,Buffy Goatman,08-12-17,1371,928
9781599201988,Audio,Horror,Pterocles gutturalis,Christos Maddern,31-05-17,1232,966
9783002925488,Audio,Horror,Hyaena hyaena,Doyle Haliday,22-12-17,1640,1234
9782136360940,Audio,Horror,Tachybaptus ruficollis,Zsa zsa Southwood,02-04-17,1595,522
9783567325084,Audio,Horror,Genetta genetta,Freedman Jansky,10-08-17,1345,1268
9782711305703,Audio,Horror,Speothos vanaticus,Edee Olczyk,08-04-17,1850,992
9783508154854,Audio,Horror,Cygnus buccinator,Joleen Kirvell,04-02-18,1782,584
9780837240583,Audio,Horror,Calyptorhynchus magnificus,Jeanine Mathissen,23-03-18,1342,540
9785237391733,Audio,Horror,Isoodon obesulus,Annabela Halden,13-11-17,1247,1090
9785509972751,Audio,Horror,Varanus salvator,Tatum Keeffe,04-07-17,1900,1214
9782097585836,Audio,Horror,Bassariscus astutus,Edgard Pugsley,07-07-17,1583,1281
9788867212471,Audio,Horror,Gopherus agassizii,Addison Popeley,22-06-17,1537,858
9780488260806,Audio,Horror,Leptoptilos crumeniferus,Spencer Pineaux,23-09-17,1968,593
9788942808451,Audio,Horror,Spermophilus armatus,Ollie Senyard,24-01-18,1041,1006
9781402110609,Audio,Horror,Erethizon dorsatum,Steve Jubb,16-11-17,1606,114
9789460433113,Audio,Horror,Mellivora capensis,Melodie Girault,08-09-17,1831,1472
9789426747961,Audio,Horror,Stercorarius longicausus,Batsheva Ferran,25-12-17,1028,626
9784274300127,Audio,Horror,Sylvicapra grimma,Cathrin Elner,10-11-17,1721,113
9789769386273,Audio,Horror,Phalaropus fulicarius,Zebedee Pidgeon,07-03-18,1468,1160
9781639169190,Audio,Horror,Felis concolor,Joya Borgesio,06-12-17,1253,292
9783211144327,Audio,Horror,Coluber constrictor,Nataline Copes,31-08-17,1614,1177
9787963572932,Audio,Horror,Ephippiorhynchus mycteria,Britni Iacovielli,03-01-18,1061,152
9789376892701,Audio,Horror,Genetta genetta,Wood Grunguer,12-05-17,1872,201
9785664459694,Audio,Horror,Aonyx cinerea,Elvera Baroux,10-04-17,1706,1154
9781396483827,Audio,Horror,Manouria emys,Arin Schwand,24-05-17,1424,1436
9786282239399,Audio,Horror,Papio cynocephalus,Sherlocke Gofton,23-10-17,1037,1224
9782341808250,Audio,Horror,Mycteria ibis,Scarlett Dumper,28-02-18,1663,125
9780269515300,Audio,Horror,Phalacrocorax niger,Ade Jarratt,27-06-17,1368,12
9784354365407,Audio,Horror,Toxostoma curvirostre,Elsi Whilde,01-05-17,1336,354
9780870962865,Audio,Horror,Dacelo novaeguineae,George Clements,04-08-17,1065,1482
9789200266543,Audio,Horror,Phoenicopterus ruber,Lee Lownes,15-06-17,1816,986
9783516540834,Audio,Horror,Cervus unicolor,Violette Weich,10-02-18,1943,1478
9785368815152,Audio,Horror,Pelecanus occidentalis,Fremont Nassau,01-10-17,1166,772
9785636550192,Audio,Horror,Tragelaphus strepsiceros,Kellina Greenhead,24-01-18,1280,1283
9789519841628,Audio,Horror,Colobus guerza,Tuck Culligan,22-04-17,1064,1265
9789343651614,Audio,Horror,Dasyurus maculatus,Zebulon Pegg,30-04-17,1637,772
9780758905941,Audio,Horror,Coluber constrictor,Napoleon Linforth,12-03-18,1797,1080
9780557190166,Audio,Horror,Uraeginthus granatina,Mannie Le Batteur,23-09-17,1497,1455
9786880707539,Audio,Horror,Ovis canadensis,Vernor Fishley,07-03-18,1529,450
9789202066578,Audio,Horror,Antilope cervicapra,Gayel Drewes,22-02-18,1696,1431
9782405120800,Audio,Horror,Sula nebouxii,Grata Walsh,24-10-17,1622,845
9786025658381,Audio,Horror,Equus hemionus,Hube Fauning,05-09-17,1094,749
9785713849033,Audio,Horror,Mazama gouazoubira,Hermon Ksandra,24-04-17,1507,231
9788930891497,Audio,Horror,Streptopelia senegalensis,Phaedra Baiden,11-06-17,1631,410
9789417332838,Audio,Horror,Pavo cristatus,Adelice Hurdedge,23-07-17,1884,599
9782447511592,Audio,Horror,Psittacula krameri,Krystalle Letchmore,30-07-17,1491,1440
9780391957959,Audio,Horror,Paraxerus cepapi,Sibelle Cruddas,03-02-18,1452,580
9780644080736,Audio,Horror,Chelodina longicollis,Tomas Hayley,18-12-17,1771,405
9785390647827,Audio,Horror,unavailable,Farra Scardafield,24-05-17,1344,863
9789802751516,Audio,Horror,Cebus albifrons,Christina Uren,08-08-17,1461,1016
9780282880468,Audio,Horror,Suricata suricatta,Faulkner Dugald,28-02-18,1080,107
9787834301311,Audio,Horror,Cynomys ludovicianus,Laina Crowche,13-12-17,1757,35
9783988893854,Audio,Horror,Equus burchelli,Briant Birrane,15-05-17,1420,715
9784678103529,Audio,Horror,Mazama americana,Kimberly Shmyr,05-08-17,1280,1250
9782546275692,Audio,Horror,Dasypus septemcincus,Corbie MacConnel,12-07-17,1134,1028
9781623074937,Audio,Horror,Alopochen aegyptiacus,Jory Coleyshaw,26-02-18,1488,703
9780230200249,Audio,Horror,Chlamydosaurus kingii,Lisle Fradson,05-01-18,1132,113
9785171799165,Audio,Horror,Cygnus atratus,Sunny Duplock,01-01-18,1608,355
9784180254257,Audio,Horror,Rangifer tarandus,Odey Fancott,15-10-17,1462,1096
9788648563097,Audio,Horror,Neophoca cinerea,Mikey Mosconi,06-04-17,1500,664
9787321739804,Audio,Horror,Ovibos moschatus,Claybourne Dampier,24-06-17,1049,214
9787231482077,Audio,Horror,Ctenophorus ornatus,Ahmad Matyas,03-01-18,1734,1225
9787108869411,Audio,Horror,Conolophus subcristatus,Ardith Riden,12-01-18,1952,528
9788225853598,Audio,Horror,Branta canadensis,Juline Fisby,31-01-18,1785,952
9786920776481,Audio,Horror,Orcinus orca,Wilt Gunningham,05-04-17,1333,471
9785985432220,Audio,Horror,unavailable,Prent Tessyman,16-11-17,1030,262
9789432952082,Audio,Horror,Phacochoerus aethiopus,Shem Rose,12-09-17,1334,1336
9781848887033,Audio,Horror,Rhabdomys pumilio,Blanche Lasty,13-03-18,1806,724
9789986017829,Audio,Horror,Galago crassicaudataus,Pauli Williamson,23-09-17,1426,743
9785325030265,Audio,Horror,Leipoa ocellata,Eran Habergham,19-03-18,1244,1475
9788270311876,Audio,Horror,Lemur catta,Trude Ziems,17-12-17,1670,95
9787539650017,Audio,Horror,Raphicerus campestris,Prisca Hanley,23-03-18,1935,1228
9788958362216,Audio,Horror,Corvus brachyrhynchos,Milty Carcass,14-08-17,1592,1218
9780882932133,Audio,Horror,Colobus guerza,Kora Crosfield,22-06-17,1206,1442
9786738671473,Audio,Horror,unavailable,Ryun Huyche,27-08-17,1407,1188
9788697035569,Audio,Horror,Marmota caligata,Field Claque,27-06-17,1486,463
9786916339466,Audio,Horror,Streptopelia senegalensis,Dukie Cregan,26-03-18,1470,1089
9782980719213,Audio,Horror,Libellula quadrimaculata,Nicole Filintsev,21-05-17,1349,415
9782937577460,Audio,Horror,Ursus maritimus,Joyous Chastan,02-09-17,1179,544
9788899771359,Audio,Horror,Gymnorhina tibicen,Emery Haugh,03-06-17,2006,1088
9789355950478,Audio,Horror,Sciurus vulgaris,Arley Tibald,06-08-17,1856,392
9783511885099,Audio,Horror,Agkistrodon piscivorus,Lilly Brasted,21-09-17,1357,597
9785984106356,Audio,Horror,Paradoxurus hermaphroditus,Logan Bugdall,24-11-17,1656,799
9788522197258,Audio,Horror,Antilocapra americana,Woodie Coath,03-07-17,1819,188
9780422303194,Audio,Horror,Papilio canadensis,Ernesta Jennions,14-07-17,1451,156
9781193871105,Audio,Horror,Felis concolor,Shane Cadle,20-04-17,1049,1147
9780031324696,Audio,Horror,Panthera pardus,Gussi Every,02-05-17,1174,681
9786573968936,Audio,Horror,Chamaelo sp.,Bettine Flann,01-02-18,1922,1043
9782255060724,Audio,Horror,Lepus arcticus,Daniele Plevin,17-11-17,1839,1396
9781392470883,Audio,Horror,Felis libyca,Ruby Emmott,12-12-17,1375,127
9781920734880,Audio,Horror,Cebus nigrivittatus,Ev Nolan,04-10-17,1041,1048
9789858382519,Audio,Horror,Butorides striatus,Toinette Bellin,07-06-17,1457,577
9780850445719,Audio,Horror,Philetairus socius,Charita Fumagallo,10-12-17,1544,1439
9786544486078,Audio,Horror,Macaca fuscata,Ber Rawne,18-01-18,1250,1170
9783884071979,Audio,Horror,Spheniscus mendiculus,Mill Galletly,26-01-18,1565,651
9784366741584,Audio,Horror,Vanellus armatus,Herbert Beekmann,09-06-17,1662,97
9789380020030,Audio,Horror,Bubalus arnee,Nickolaus Luscott,09-12-17,1224,258
9787552853757,Audio,Horror,Dasypus septemcincus,Vilma Abbay,15-07-17,1127,810
9783444480103,Audio,Horror,Colobus guerza,Ronna Luckey,24-08-17,2003,1205
9789832264885,Audio,Horror,Chauna torquata,Lennard Carstairs,20-03-18,1360,1255
9783326500962,Audio,Horror,Limosa haemastica,Oliy Bedingfield,16-08-17,1505,9
9782171763922,Audio,Horror,Nannopterum harrisi,Dolli Weedon,28-08-17,1735,1398
9783249473790,Audio,Horror,Trichoglossus haematodus moluccanus,Udall Farrant,26-05-17,1887,804
9782822987414,Audio,Horror,Castor fiber,Agnesse Dudeney,24-12-17,1655,190
9784294484801,Audio,Horror,Tockus flavirostris,Ingrim Killigrew,01-06-17,1854,1183
9784091964490,Audio,Horror,Otocyon megalotis,Glen Gartell,01-09-17,1045,1384
9785045690237,Audio,Horror,Geochelone radiata,Kirk Selcraig,16-08-17,1378,128
9782971001013,Audio,Horror,Canis aureus,Archibald Belshaw,06-07-17,1901,1486
9787060861765,Audio,Horror,Heloderma horridum,Letitia Pankethman,05-01-18,1461,812
9783722298223,Audio,Horror,Merops nubicus,Rebbecca Lathee,13-08-17,1323,761
9785748445348,Audio,Horror,Ciconia ciconia,George Loiterton,15-09-17,1569,815
9785768968515,Audio,Horror,Orcinus orca,Brandon Wieprecht,21-02-18,1224,285
9784192236801,Audio,Horror,Bubalus arnee,Bailey Plunkett,25-12-17,1132,410
9784233824366,Audio,Horror,Bradypus tridactylus,Denis Cadlock,24-05-17,1039,1418
9783677369878,Audio,Horror,Speothos vanaticus,Philippine Kimblin,22-07-17,1445,1016
9784013070524,Audio,Horror,unavailable,Normy Maron,30-12-17,1566,484
9783391779829,Audio,Horror,Francolinus leucoscepus,Anabella Averay,01-06-17,2015,1411
9780109157112,Audio,Horror,Casmerodius albus,Zaneta Romi,18-03-18,1420,431
9784956707180,Audio,Horror,Ardea cinerea,Warden Ivakin,31-12-17,1485,1361
9784373679215,Audio,Horror,Gekko gecko,Cob Struther,25-02-18,1787,1049
9783569479263,Audio,Horror,Paraxerus cepapi,Jaymie Labbey,29-12-17,1736,139
9782505264768,Audio,Horror,Paroaria gularis,Jazmin Tournay,07-11-17,1587,1348
9781984943055,Audio,Horror,Tadorna tadorna,Fabien Stennett,02-12-17,1192,862
9783023074840,Audio,Horror,Corvus brachyrhynchos,Hobart Gregolotti,31-12-17,1874,1443
9783403123345,Audio,Horror,Eremophila alpestris,Dieter Hulcoop,10-10-17,1967,799
9788502618298,Audio,Horror,Dasyurus maculatus,Lezlie Rorke,10-09-17,1929,1389
9785768328097,Audio,Horror,Thamnolaea cinnmomeiventris,Layne Sweetsur,28-11-17,1851,1493
9782745047776,Audio,Horror,Podargus strigoides,Tate Vasyunichev,16-02-18,1809,883
9784278039381,Audio,Horror,Manouria emys,Rebbecca Caesman,30-10-17,1395,1208
9785941825491,Audio,Horror,Stercorarius longicausus,Shermie Dell Casa,11-04-17,1861,1413
9787878122639,Audio,Horror,Haliaetus leucogaster,Bradney Crasford,16-02-18,1653,331
9782534659801,Audio,Horror,Grus rubicundus,Kristien Blaszkiewicz,24-01-18,1776,888
9789186381937,Audio,Horror,Theropithecus gelada,Brynn Woodson,04-09-17,1831,1121
9789272652281,Audio,Horror,Lophoaetus occipitalis,Nola Linfitt,19-05-17,1363,583
9788099554071,Audio,Horror,Equus burchelli,Tymothy Gritsaev,05-01-18,1868,956
9787385408502,Audio,Horror,Gorilla gorilla,Harper Korneichik,17-02-18,1188,842
9789599824261,Audio,Horror,Cordylus giganteus,Ludovika Sterman,03-10-17,1596,339
9782531864705,Audio,Horror,Oreotragus oreotragus,Josselyn Gilkison,26-01-18,1294,356
9789409202442,Audio,Horror,Pseudoleistes virescens,Sharai Winterton,29-01-18,1103,104
9783070148468,Audio,Horror,Castor canadensis,Davidde Meeson,04-09-17,1476,46
9787466049047,Audio,Horror,Macropus giganteus,Maitilde Lode,19-01-18,1386,304
9784032831062,Audio,Horror,Panthera leo persica,Tammy Adelman,09-06-17,1163,981
9788873381876,Audio,Horror,Dasyurus viverrinus,Johann Huntar,27-08-17,1009,1008
9782743479918,Audio,Horror,Nasua nasua,Jessica Van den Velde,12-05-17,1472,1498
9786926004847,Audio,Horror,unavailable,Annabal Follows,04-03-18,1500,456
9782719043918,Audio,Horror,Felis rufus,Daryl Petrolli,08-12-17,1157,361
9780000746418,Audio,Horror,Centrocercus urophasianus,Chrysler Maplestone,26-03-18,1589,1060
9781530348286,Audio,Horror,Castor fiber,Gaby Yurkin,29-05-17,1294,849
9784177898763,Audio,Horror,Zalophus californicus,Derry Paoletto,02-05-17,1120,250
9781331960565,Audio,Horror,Semnopithecus entellus,Patti Reast,09-12-17,1335,1326
9783282981049,Audio,Horror,Loxodonta africana,Scarlett Climpson,24-02-18,1168,1042
9787282259375,Audio,Horror,Coendou prehensilis,Isaak Milburne,16-07-17,1584,432
9781693695644,Audio,Horror,Columba palumbus,Cedric Ferri,15-08-17,1936,1324
9780339728006,Audio,Horror,Stenella coeruleoalba,Auberon Lory,18-03-18,1801,1055
9782282504853,Audio,Horror,Anser caerulescens,Russ Japp,01-06-17,1284,22
9785422817000,Audio,Horror,Canis latrans,Adriena Keyse,13-07-17,1922,75
9783996220549,Audio,Horror,Dasyurus maculatus,Mirabelle Qusklay,02-02-18,1286,232
9787519686141,Audio,Horror,Kobus defassa,Kara-lynn Vine,17-04-17,1591,927
9787567499082,Audio,Horror,Buteo jamaicensis,Corie Plunkett,11-08-17,1858,1169
9789034087160,Audio,Horror,Acrobates pygmaeus,Dunc Stothert,21-03-18,1997,1124
9784840791849,Audio,Horror,Aegypius occipitalis,Keri Phelp,02-03-18,1512,528
9786589596208,Audio,Horror,Rhabdomys pumilio,Edlin Lauga,18-09-17,1813,175
9789827048423,Audio,Horror,Manouria emys,Locke Muschette,13-03-18,1189,1404
9784803981315,Audio,Horror,Tamandua tetradactyla,Teressa Keppel,03-06-17,1752,428
9785421209297,Audio,Horror,Sula dactylatra,Padraig Millgate,27-07-17,1818,1194
9784071068882,Audio,Horror,Ploceus intermedius,Esma Penswick,03-11-17,1638,1425
9781025119233,Audio,Horror,Sterna paradisaea,Sibley Picker,09-02-18,1373,1152
9780905275154,Audio,Horror,Trachyphonus vaillantii,Xever Frid,14-02-18,1385,995
9787135856656,Audio,Horror,Capreolus capreolus,Marguerite Jacketts,14-05-17,1478,1449
9789176495396,Audio,Horror,Choloepus hoffmani,Frans Mardell,06-07-17,1246,761
9782596285183,Audio,Horror,Eudyptula minor,Kyla Causier,28-10-17,1264,1356
9785679026212,Audio,Horror,Gyps bengalensis,Tobey Sainthill,28-06-17,1471,475
9788781641561,Audio,Horror,Egretta thula,Sherm Vannuccinii,12-09-17,1778,1193
9784670116001,Audio,Horror,Mephitis mephitis,Amata McCrohon,09-05-17,1822,827
9781980698336,Audio,Horror,Ictonyx striatus,Magdalen Withams,02-04-17,1974,525
9789182715221,Audio,Horror,Aonyx cinerea,Tiffanie Faulks,24-09-17,1251,617
9787263156146,Audio,Horror,Psophia viridis,Pierre Elfleet,29-11-17,1242,793
9783237389133,Audio,Horror,Pytilia melba,Erin Balam,03-03-18,1830,817
9789962023169,Audio,Horror,Chlidonias leucopterus,Griffin Jobin,15-02-18,1221,281
9783849120937,Audio,Horror,Alligator mississippiensis,Roshelle Iffland,14-04-17,1605,964
9787295430085,Audio,Horror,Semnopithecus entellus,Cody Smeuin,25-01-18,1027,766
9786459990619,Audio,Horror,Lamprotornis chalybaeus,Malvin Macvey,18-07-17,1697,567
9780716673936,Audio,Horror,Semnopithecus entellus,Ingunna Coweuppe,24-05-17,1888,367
9788864749927,Audio,Horror,Tadorna tadorna,Dion Lauridsen,21-04-17,1764,183
9787258211059,Audio,Horror,Dusicyon thous,Reuben Cubbini,12-05-17,1685,1133
9789964316205,Audio,Horror,Kobus defassa,Emmet Staries,25-07-17,1443,345
9789977111579,Audio,Horror,Naja nivea,Mindy Mathiassen,01-07-17,1521,90
9782567709991,Audio,Horror,Manouria emys,Mackenzie Malthus,01-02-18,1608,179
9788385954867,Audio,Horror,Corvus brachyrhynchos,Monty Arend,07-03-18,1273,1391
9784794186219,Audio,Horror,Ratufa indica,Marti Gumary,13-05-17,1261,354
9784406690160,Audio,Horror,Halcyon smyrnesis,Walliw Grunbaum,04-02-18,1293,674
9780158390489,Audio,Horror,Aegypius tracheliotus,Janette Teresia,03-10-17,1401,74
9786748081052,Audio,Horror,Larus fuliginosus,Rutledge Jahncke,10-06-17,1533,1490
9781058992583,Audio,Horror,Leptoptilus dubius,Reggi De Bernardis,11-08-17,1748,1148
9789292899695,Audio,Horror,Herpestes javanicus,Lynnette Whetnell,10-04-17,1173,645
9784239976493,Audio,Horror,Macropus fuliginosus,Myrle Swallwell,01-05-17,1675,1355
9783366709934,Audio,Horror,Dasyprocta leporina,Lanie Cowles,17-02-18,1700,1071
9788942724376,Audio,Horror,Lycosa godeffroyi,Ulysses Campos,10-05-17,1550,820
9780451063627,Audio,Horror,Oncorhynchus nerka,Frasco Sphinxe,29-10-17,1928,113
9788533525970,Audio,Horror,Varanus salvator,Domenic Mahy,25-07-17,1770,123
9782478229530,Audio,Horror,Merops nubicus,Hewie Kernocke,26-09-17,1273,624
9784985071596,Audio,Horror,Buteo regalis,Mandie Florio,20-05-17,1988,459
9786231123247,Audio,Horror,Papio ursinus,Jarvis Lurner,22-01-18,1469,1360
9788187874064,Audio,Horror,Funambulus pennati,Dacie MacCosto,23-05-17,1435,24
9785656583291,Audio,Horror,Tragelaphus scriptus,Corinna Mucci,10-09-17,2009,482
9788407999088,Audio,Horror,Crotaphytus collaris,Isidoro Mattityahou,20-05-17,1220,265
9780773271138,Audio,Horror,Irania gutteralis,Elana Seabright,30-12-17,1501,576
9781667427008,Audio,Horror,Ephipplorhynchus senegalensis,Marianne MacMoyer,20-04-17,1981,319
9781103530636,Audio,Horror,Mazama gouazoubira,Normand Diglin,08-05-17,1137,1356
9780255683230,Audio,Horror,Stercorarius longicausus,Heidi Pickup,03-06-17,1902,825
9784186076458,Audio,Horror,Naja nivea,Lisa Grassot,25-07-17,1280,1046
9781615516822,Audio,Horror,Chloephaga melanoptera,Hedda Hegden,21-10-17,1766,1399
9786106084544,Audio,Horror,Boa caninus,Lorinda Farfoot,01-05-17,1071,878
9789711689804,Audio,Horror,Spermophilus parryii,Caresa Davidek,18-04-17,1832,1314
9781423059729,Audio,Horror,Merops nubicus,Harriot Pervew,28-02-18,1078,1117
9780104758045,Audio,Horror,Sagittarius serpentarius,Lucius Brumble,20-09-17,1946,1218
9785582825772,Audio,Horror,Felis caracal,Alfie Redmire,09-12-17,1829,457
9789025686170,Audio,Horror,Pavo cristatus,Reg Salery,17-02-18,1811,951
9787955545580,Audio,Horror,Cervus duvauceli,Stirling Rosewarne,08-12-17,1385,1139
9788605623804,Audio,Horror,Ateles paniscus,Alec Pashley,30-08-17,1732,539
9784101073435,Audio,Horror,Coracias caudata,Shep Tullett,29-12-17,1579,20
9786755236340,Audio,Horror,Gabianus pacificus,Brian Swindley,13-01-18,1915,165
9785671688314,Audio,Horror,Axis axis,Anjela Readshaw,01-08-17,1329,1161
9785385878121,Audio,Horror,Grus rubicundus,Sheeree Normansell,08-04-17,1639,1074
9788779455286,Audio,Horror,Coluber constrictor,Gamaliel Hugli,03-08-17,1645,143
9783694375459,Audio,Horror,Eudromia elegans,Caresa Extance,30-07-17,1835,1314
9787475936050,Audio,Horror,Sciurus vulgaris,Annmarie Vondruska,07-08-17,1353,366
9787613083310,Audio,Horror,Macaca fuscata,Vicky Crosston,01-12-17,1168,990
9786451037455,Audio,Horror,Bison bison,Win Cristofaro,06-03-18,1880,1357
9786123594463,Audio,Horror,Colobus guerza,Fanchette Lambillion,30-11-17,1656,1127
9788805948004,Audio,Horror,unavailable,Robinet Beton,24-06-17,1814,969
9783147873868,Audio,Horror,Terathopius ecaudatus,Omar Collie,17-07-17,1774,746
